"ID","REC_TYPE","FNO","D_DATA","D_DIAM","D_LENGTH","D_WIDTH","D_THICK","D_HEIGHT","D_WEIGHT","D_AREA","D_VOLUME"
1,"SF",2447,"from X-ray",0,29,23,0,0,0,0,0
2,"BF",5161,"Primary",0,0,0,0,0,0,0,0
3,"BF",5164,"Primary",0,0,0,0,0,0,0,0
4,"BF",5168,"1999",0,0,0,0,0,0,0,0
5,"BF",5170,"Primary",0,0,0,0,0,0,0,0
6,"BF",6253,"Primary",0,0,0,0,0,0,0,0
7,"BF",6261,"Primary",0,0,0,0,0,0,0,0
8,"BF",6264,"Primary",0,0,0,0,0,0,0,0
9,"BF",6267,"Primary",0,0,0,0,0,0,0,0
10,"BF",6291,"Primary",0,0,0,0,0,0,0,0
11,"BF",6294,"Primary",0,0,0,0,0,0,0,0
12,"BF",6297,"Primary",0,0,0,0,0,0,0,0
13,"BF",6298,"1999",0,0,0,0,0,0,0,0
14,"SF",551,"Primary",46,0,0,0,0,0,0,0
15,"SF",528,"Primary",0,103,0,0,0,0,0,0
16,"SF",651,"Fragment 1",0,17,12,0,0,0,0,0
17,"SF",652,"Primary",18,0,0,0,0,1,0,0
18,"SF",674,,8,0,0,0,0,0,0,0
19,"SF",678,"Primary",17,0,0,0,0,2,0,0
20,"SF",683,,0,108,0,0,0,0,0,0
21,"SF",702,,0,62,41,0,0,0,0,0
22,"SF",1121,,0,205,15,0,0,0,0,0
23,"SF",2984,,0,31,6,0,0,0,0,0
24,"SF",2752,,7,0,0,0,0,0,0,0
25,"SF",784,"Primary",0,30,0,0,0,0,0,0
26,"BF",7231,"Primary",0,0,0,0,0,0,0,0
27,"BF",7234,"Primary",0,0,0,0,0,0,0,0
28,"BF",7235,"Primary",0,0,0,0,0,0,0,0
29,"BF",7238,"Primary",0,0,0,0,0,0,0,0
30,"BF",7371,"Primary",0,0,0,0,0,0,0,0
31,"BF",7373,"Primary",0,0,0,0,0,0,0,0
32,"BF",7374,"Primary",0,0,0,0,0,0,0,0
33,"BF",7375,"Primary",0,0,0,0,0,0,0,0
34,"BF",7376,"Primary",0,0,0,0,0,0,0,0
35,"BF",7378,"Primary",0,0,0,0,0,0,0,0
36,"BF",7401,"Primary",0,0,0,0,0,0,0,0
37,"BF",7404,"Primary",0,0,0,0,0,0,0,0
38,"BF",7408,"Primary",0,0,0,0,0,0,0,0
39,"BF",7421,"Primary",0,0,0,0,0,0,0,0
40,"BF",7424,"Primary",0,0,0,0,0,0,0,0
41,"BF",7425,"Primary",0,0,0,0,0,0,0,0
42,"BF",7431,"Primary",0,0,0,0,0,0,0,0
43,"BF",7433,"Primary",0,0,0,0,0,0,0,0
44,"BF",7434,"Primary",0,0,0,0,0,0,0,0
45,"BF",7435,"Primary",0,0,0,0,0,0,0,0
46,"BF",7436,"1998",0,0,0,0,0,5,0,0
47,"BF",7437,"Primary",0,0,0,0,0,0,0,0
48,"BF",8621,"Primary",0,0,0,0,0,0,0,0
49,"BF",8623,"Primary",0,0,0,0,0,0,0,0
50,"BF",8624,"Primary",0,0,0,0,0,0,0,0
51,"BF",8625,"Primary",0,0,0,0,0,0,0,0
52,"BF",8628,"Primary",0,0,0,0,0,0,0,0
53,"BF",8971,"Primary",0,0,0,0,0,0,0,0
54,"BF",8974,"Primary",0,0,0,0,0,0,0,0
55,"BF",8975,"Primary",0,0,0,0,0,0,0,0
56,"BF",8977,"Primary",0,0,0,0,0,0,0,0
57,"BF",8978,"Primary",0,0,0,0,0,0,0,0
58,"BF",9101,"Primary",0,0,0,0,0,0,0,0
59,"BF",9103,"Primary",0,0,0,0,0,0,0,0
60,"BF",9104,"Primary",0,0,0,0,0,0,0,0
61,"BF",9105,"Primary",0,0,0,0,0,0,0,0
62,"BF",9107,"Primary",0,0,0,0,0,0,0,0
63,"BF",8021,"Primary",0,0,0,0,0,0,0,0
64,"BF",8024,"Primary",0,0,0,0,0,0,0,0
65,"SF",830,"Primary",0,27,6,0,0,0,0,0
66,"BF",8511,"Primary",0,0,0,0,0,0,0,0
67,"BF",8513,"Primary",0,0,0,0,0,0,0,0
68,"BF",8514,"Primary",0,0,0,0,0,0,0,0
69,"BF",8515,"Primary",0,0,0,0,0,0,0,0
70,"BF",8518,"Primary",0,0,0,0,0,0,0,0
71,"BF",8581,"Primary",0,0,0,0,0,0,0,0
72,"BF",8585,"Primary",0,0,0,0,0,0,0,0
73,"BF",8588,"Primary",0,0,0,0,0,0,0,0
74,"BF",9571,"Primary",0,0,0,0,0,0,0,0
75,"BF",9573,"Primary",0,0,0,0,0,0,0,0
76,"BF",9574,"Primary",0,0,0,0,0,0,0,0
77,"BF",9578,"Primary",0,0,0,0,0,0,0,0
78,"BF",9611,"Primary",0,0,0,0,0,0,0,0
79,"BF",9614,"Primary",0,0,0,0,0,0,0,0
80,"BF",9615,"Primary",0,0,0,0,0,0,0,0
81,"SF",903,,0,16,14,0,0,0,0,0
82,"SF",904,"D. of head",8,20,0,0,0,0,0,0
83,"SF",1260,,12,0,0,0,0,0,0,0
84,"SF",798,"Primary",0,0,0,0,0,0,0,0
85,"SF",975,,0,60,0,0,0,0,0,0
86,"SF",965,"Primary",0,0,0,0,0,0,0,0
87,"SF",966,"Primary",0,0,0,0,0,0,0,0
88,"SF",801,"Primary",0,32,0,0,0,0,0,0
89,"SF",803,,0,18,0,0,0,0,0,0
90,"SF",2313,,17,0,0,6,0,0,0,0
91,"SF",806,"Primary",0,0,0,0,0,0,0,0
92,"SF",810,"Primary",0,0,0,0,0,0,0,0
93,"SF",814,"Primary",0,0,0,0,0,0,0,0
94,"SF",838,"Primary",0,48,0,0,0,0,0,0
95,"SF",854,"Primary",0,0,0,0,0,0,0,0
96,"SF",880,"Primary",0,0,0,0,0,0,0,0
97,"SF",916,"Primary",0,0,0,0,0,0,0,0
98,"SF",742,,0,48,0,0,0,0,0,0
99,"SF",945,"Primary",12,0,0,0,0,1,0,0
100,"SF",948,"Primary",0,77,0,0,0,0,0,0
101,"SF",951,"Primary",0,0,0,0,0,0,0,0
102,"SF",963,"Primary",0,0,0,0,0,0,0,0
103,"SF",971,"Approx D.",52,0,0,0,0,0,0,0
104,"SF",974,"Primary",0,0,0,0,0,0,0,0
105,"SF",3085,,90,0,0,9,0,0,0,0
106,"SF",983,"Primary",0,0,0,0,0,0,0,0
107,"SF",1015,"Primary",0,0,0,0,0,0,0,0
108,"SF",1056,,0,5,3,0,0,0,0,0
109,"SF",1247,,16,18,0,0,0,0,0,0
110,"SF",1110,,0,2,0,0,0,0,0,0
111,"SF",1118,,0,2,0,0,0,0,0,0
112,"SF",1069,,0,12,17,0,0,0,0,0
113,"SF",774,,0,6,0,0,0,0,0,0
114,"SF",1231,"Primary",0,0,0,0,0,2,0,0
115,"SF",1286,,0,30,0,0,0,0,0,0
116,"SF",2953,,0,14,10,0,0,0,0,0
117,"SF",1143,,0,37,0,0,0,0,0,0
118,"SF",1062,,0,22,5,0,0,0,0,0
119,"SF",3165,,22,62,0,0,0,0,0,0
120,"SF",1255,,0,28,8,0,0,0,0,0
121,"SF",2136,,3,7,0,0,0,0,0,0
122,"SF",1461,,0,14,12,0,0,0,0,0
123,"BF",53041,"2005",0,0,0,0,0,210,0,0
124,"SF",789,,0,17,12,0,0,0,0,0
125,"SF",1476,,0,0,0,0,0,2,0,0
126,"SF",877,,0,95,0,0,0,0,0,0
127,"SF",1711,,0,30,3,0,0,0,0,0
128,"SF",1805,,37,0,0,0,0,0,0,0
129,"SF",1830,,0,20,0,0,0,0,0,0
130,"SF",1860,,0,38,8,0,0,0,0,0
131,"BF",5162,"Brick, flat",0,170,140,40,0,5050,0,0
132,"BF",5162,"Unident",0,110,100,30,0,1200,0,0
133,"BF",5162,"Tegula",0,40,80,30,0,100,0,0
134,"BF",5162,"Imbrex",0,50,65,10,0,50,0,0
135,"BF",5162,"Brick, flat",0,110,110,40,0,1400,0,0
136,"BF",5162,"Unident",0,160,80,25,0,900,0,0
137,"BF",5162,"Imbrex",0,90,85,10,0,150,0,0
138,"BF",5162,"Unident",0,170,100,40,0,2300,0,0
139,"BF",5162,"Brick, flat",0,140,40,40,0,500,0,0
140,"BF",6262,"Tegula",0,20,70,50,0,250,0,0
141,"BF",6262,"Unident",0,30,20,30,0,100,0,0
142,"BF",6262,"Unident",0,90,60,30,0,400,0,0
143,"BF",6402,"Unident",0,115,135,40,0,2700,0,0
144,"BF",6402,"Tegula",0,115,170,60,0,3650,0,0
145,"BF",6402,"Tegula",0,160,150,45,0,3750,0,0
146,"BF",6402,"Imbrex",0,105,110,15,0,200,0,0
147,"BF",6402,"Unident",0,130,120,45,0,2500,0,0
148,"BF",6402,"Unident",0,140,90,45,0,4100,0,0
149,"BF",6402,"Tegula",0,220,160,25,0,5450,0,0
150,"BF",6402,"Brick, Flat",0,130,150,45,0,4400,0,0
151,"BF",6402,"Imbrex",0,145,110,10,0,1300,0,0
152,"BF",6402,"Tegula",0,130,120,20,0,850,0,0
153,"BF",6402,"Imbrex",0,115,70,15,0,200,0,0
154,"BF",6402,"Brick, Flat",0,170,120,50,0,3650,0,0
155,"BF",6402,"Unident",0,120,130,40,0,9500,0,0
156,"BF",6402,"Unident",0,140,80,15,0,1900,0,0
157,"BF",6402,"Brick, Flat",0,140,100,40,0,3750,0,0
158,"BF",6402,"Imbrex",0,75,75,10,0,300,0,0
159,"BF",6402,"Tegula",0,180,70,20,0,2100,0,0
160,"BF",6402,"Unident",0,60,45,30,0,4750,0,0
161,"BF",6402,"Unident",0,140,70,30,0,1550,0,0
162,"BF",6402,"Tegula",0,90,130,30,0,1500,0,0
163,"BF",6402,"Imbrex",0,70,55,15,0,200,0,0
164,"BF",6412,"Unident",0,100,45,10,0,200,0,0
165,"BF",6412,"Tegula",0,90,60,30,0,450,0,0
166,"BF",6412,"Imbrex",0,90,60,10,0,150,0,0
167,"BF",6412,"Brick, Flat",0,150,70,40,0,600,0,0
168,"BF",6632,"Unident",0,100,90,40,0,1000,0,0
169,"BF",6632,"Imbrex",0,120,100,20,0,250,0,0
170,"BF",6632,"Tegula",0,160,110,15,0,1550,0,0
171,"BF",6632,"Brick, Flat",0,150,130,35,0,1050,0,0
172,"BF",6682,"Brick, Flat",0,170,60,50,0,900,0,0
173,"BF",6682,"Unident",0,50,60,70,0,600,0,0
174,"BF",6682,"Tegula",0,105,145,60,0,2450,0,0
175,"BF",6682,"Brick, Flat",0,250,125,40,0,3750,0,0
176,"BF",6682,"Unident",0,150,110,30,0,7300,0,0
177,"BF",6682,"Brick, Flat",0,140,130,40,0,6800,0,0
178,"BF",6682,"Unident",0,30,30,25,0,3000,0,0
179,"BF",7772,"Unident",0,120,70,25,0,1200,0,0
180,"BF",7772,"Brick, Flat",0,150,140,50,0,2050,0,0
181,"BF",7772,"Tegula",0,140,150,40,0,1750,0,0
182,"BF",7772,"Imbrex",0,140,110,15,0,2400,0,0
183,"BF",8622,"Unident",0,100,145,35,0,1400,0,0
184,"BF",9882,"Unident",0,100,50,25,0,500,0,0
185,"BF",9882,"Imbrex",0,75,70,10,0,100,0,0
186,"BF",9882,"Unident",0,70,50,40,0,250,0,0
187,"BF",9882,"Unident",0,90,80,35,0,2100,0,0
188,"BF",9882,"Unident",0,20,15,20,0,50,0,0
189,"BF",9882,"Imbrex",0,50,80,20,0,100,0,0
190,"BF",11712,"Unident",0,40,20,30,0,2500,0,0
191,"BF",11712,"Imbrex",0,50,60,15,0,100,0,0
192,"BF",11712,"Tegula",0,25,50,40,0,100,0,0
193,"BF",11712,"Tessera",0,25,25,25,0,250,0,0
194,"BF",11712,"Unident",0,20,20,10,0,400,0,0
195,"BF",11712,"Unident",0,60,55,20,0,1400,0,0
196,"BF",11712,"Tessera",0,30,30,25,0,300,0,0
197,"BF",11712,"Tegula",0,30,60,30,0,50,0,0
198,"BF",12562,"Tegula",0,50,90,20,0,250,0,0
199,"BF",12562,"Imbrex",0,80,80,20,0,450,0,0
200,"BF",12562,"Unident",0,100,70,15,0,1750,0,0
201,"BF",12562,"Tegula",0,100,60,20,0,1000,0,0
202,"BF",12562,"Imbrex",0,110,120,15,0,500,0,0
203,"BF",12562,"Unident",0,170,130,30,0,4400,0,0
204,"BF",12562,"Flue Tile",0,45,20,10,0,10,0,0
205,"BF",12562,"Unident",0,50,40,15,0,150,0,0
206,"BF",12562,"Imbrex",0,80,70,10,0,100,0,0
207,"BF",12562,"Tegula",0,75,65,45,0,400,0,0
208,"BF",12562,"Imbrex",0,65,60,15,0,150,0,0
209,"BF",12562,"Unident",0,95,95,15,0,300,0,0
210,"BF",12562,"Flue Tile",0,50,35,15,0,10,0,0
211,"BF",12562,"Tegula",0,35,120,30,0,450,0,0
212,"BF",12562,"Imbrex",0,80,80,20,0,350,0,0
213,"BF",12562,"Unident",0,70,30,25,0,700,0,0
214,"BF",12562,"Brick, Flat",0,70,60,50,0,450,0,0
215,"BF",12562,"Tegula",0,130,110,30,0,900,0,0
216,"BF",12562,"Imbrex",0,50,60,15,0,50,0,0
217,"BF",12562,"Unident",0,40,60,40,0,500,0,0
218,"BF",12562,"Unident",0,20,15,20,0,50,0,0
219,"BF",12562,"Unident",0,80,80,20,0,750,0,0
220,"BF",12562,"Tegula",0,80,70,45,0,450,0,0
221,"BF",12562,"Unident",0,80,80,15,0,300,0,0
222,"BF",12562,"Unident",0,70,30,20,0,200,0,0
223,"BF",12572,"Tegula",0,90,100,20,0,1000,0,0
224,"BF",12572,"Imbrex",0,100,120,15,0,300,0,0
225,"BF",12572,"Unident",0,150,150,20,0,3700,0,0
226,"BF",12572,"Imbrex",0,45,70,15,0,100,0,0
227,"BF",12572,"Unident",0,60,40,50,0,350,0,0
228,"BF",12612,"Tegula",0,55,45,25,0,50,0,0
229,"BF",12612,"Tegula",0,50,95,45,0,450,0,0
230,"BF",12612,"Imbrex",0,110,70,20,0,400,0,0
231,"BF",12612,"Unident",0,60,100,40,0,3300,0,0
232,"BF",12612,"Flue Tile",0,60,50,10,0,100,0,0
233,"BF",12612,"Tegula",0,50,30,25,0,150,0,0
234,"BF",12612,"Imbrex",0,50,70,10,0,100,0,0
235,"BF",12612,"Unident",0,70,40,15,0,300,0,0
236,"BF",12612,"Tegula",0,50,50,20,0,200,0,0
237,"BF",12612,"Imbrex",0,60,60,20,0,100,0,0
238,"BF",12612,"Unident",0,60,45,15,0,600,0,0
239,"BF",12612,"Imbrex",0,50,85,15,0,50,0,0
240,"BF",12612,"Unident",0,60,30,40,0,600,0,0
241,"BF",12612,"Flue Tile",0,60,50,10,0,50,0,0
242,"BF",12642,"Imbrex",0,110,70,15,0,350,0,0
243,"BF",12642,"Tegula",0,55,30,20,0,50,0,0
244,"BF",12642,"Unident",0,60,35,35,0,150,0,0
245,"BF",12642,"Unident",0,60,60,20,0,150,0,0
246,"BF",12642,"Imbrex",0,80,80,20,0,250,0,0
247,"BF",12642,"Unident",0,60,30,10,0,50,0,0
248,"BF",12682,"Tegula",0,70,75,50,0,500,0,0
249,"BF",12682,"Unident",0,95,90,15,0,1950,0,0
250,"BF",12682,"Flue Tile",0,60,30,20,0,100,0,0
251,"BF",12682,"Unident",0,50,40,20,0,300,0,0
252,"BF",12682,"Unident",0,110,60,35,0,6000,0,0
253,"BF",12682,"Tegula",0,60,85,25,0,1050,0,0
254,"BF",12682,"Imbrex",0,80,60,15,0,100,0,0
255,"BF",12682,"Unident",0,50,40,30,0,2800,0,0
256,"BF",12682,"Tegula",0,110,70,25,0,900,0,0
257,"BF",12682,"Unident",0,110,75,20,0,700,0,0
258,"BF",12682,"Unident",0,100,50,40,0,3900,0,0
259,"BF",12682,"Imbrex",0,100,60,10,0,100,0,0
260,"BF",12682,"Tegula",0,110,120,2,0,700,0,0
261,"BF",12682,"Unident",0,70,50,20,0,1800,0,0
262,"BF",12712,"Unident",0,130,100,30,0,1000,0,0
263,"BF",12712,"Tegula",0,60,110,55,0,400,0,0
264,"BF",12712,"Tegula",0,65,100,55,0,1000,0,0
265,"BF",12722,"Unident",0,150,80,20,0,600,0,0
266,"BF",12752,"Imbrex",0,90,55,15,0,150,0,0
267,"BF",12752,"Unident",0,95,60,30,0,1650,0,0
268,"BF",12752,"Tegula",0,80,100,10,0,150,0,0
269,"BF",12752,"Flue Tile",0,50,35,25,0,50,0,0
270,"BF",12752,"Unident",0,75,30,15,0,700,0,0
271,"BF",12882,"Tegula",0,40,90,50,0,350,0,0
272,"BF",12882,"Imbrex",0,50,50,15,0,100,0,0
273,"BF",12882,"Unident",0,90,70,30,0,1000,0,0
274,"BF",12882,"Tegula",0,40,70,50,0,350,0,0
275,"BF",12882,"Imbrex",0,90,140,20,0,500,0,0
276,"BF",12882,"Unident",0,165,130,40,0,2500,0,0
277,"BF",12882,"Unident",0,50,90,50,0,2500,0,0
278,"BF",12882,"Imbrex",0,90,80,15,0,550,0,0
279,"BF",12882,"Tegula",0,40,130,60,0,2200,0,0
280,"BF",12882,"Unident",0,80,60,25,0,6900,0,0
281,"BF",12882,"Tegula",0,70,50,45,0,450,0,0
282,"BF",12882,"Imbrex",0,85,80,15,0,400,0,0
283,"BF",12882,"Unident",0,20,15,5,0,50,0,0
284,"BF",12882,"Imbrex",0,70,80,10,0,200,0,0
285,"BF",12882,"Unident",0,70,70,20,0,100,0,0
286,"BF",12882,"Unident",0,90,70,15,0,2550,0,0
287,"BF",12882,"Tegula",0,50,90,15,0,300,0,0
288,"BF",12882,"Imbrex",0,30,90,45,0,1050,0,0
289,"BF",12882,"Unident",0,40,20,10,0,500,0,0
290,"BF",12882,"Unident",0,100,55,25,0,850,0,0
291,"BF",12882,"Tegula",0,60,140,25,0,1400,0,0
292,"BF",12882,"Imbrex",0,80,70,15,0,200,0,0
293,"BF",12882,"Unident",0,120,70,40,0,2350,0,0
294,"BF",12882,"Flue Tile",0,50,40,20,0,50,0,0
295,"BF",12882,"Tegula",0,45,60,20,0,250,0,0
296,"BF",12882,"Imbrex",0,75,60,15,0,100,0,0
297,"BF",12882,"Unident",0,70,50,15,0,200,0,0
298,"BF",12962,"Tegula",0,100,70,30,0,400,0,0
299,"BF",12962,"Imbrex",0,90,80,10,0,400,0,0
300,"BF",12962,"Unident",0,120,80,10,0,3000,0,0
301,"BF",12962,"Tegula",0,150,100,30,0,500,0,0
302,"BF",12962,"Imbrex",0,90,60,10,0,100,0,0
303,"BF",12962,"Unident",0,80,80,20,0,1000,0,0
304,"BF",12962,"Unident",0,130,60,30,0,2700,0,0
305,"BF",12962,"Tegula",0,30,60,35,0,200,0,0
306,"BF",12962,"Imbrex",0,100,90,25,0,450,0,0
307,"BF",12962,"Unident",0,100,70,20,0,3750,0,0
308,"BF",12962,"Tegula",0,30,100,60,0,1000,0,0
309,"BF",12962,"Imbrex",0,55,50,20,0,350,0,0
310,"BF",12962,"Unident",0,95,90,45,0,2200,0,0
311,"BF",12962,"Tegula",0,20,40,70,0,150,0,0
312,"BF",12962,"Imbrex",0,80,70,15,0,200,0,0
313,"BF",13002,"Unident",0,40,30,20,0,200,0,0
314,"BF",13002,"Unident",0,45,40,20,0,400,0,0
315,"BF",13092,"Unident",0,40,35,20,0,500,0,0
316,"BF",13092,"Tegula",0,30,50,60,0,100,0,0
317,"BF",13321,"Unident",0,80,80,10,0,200,0,0
318,"BF",13321,"Imbrex",0,80,120,15,0,250,0,0
319,"BF",13321,"Tegula",0,55,115,50,0,600,0,0
320,"BF",13321,"Unident",0,90,55,20,0,250,0,0
321,"BF",13321,"Unident",0,120,80,20,0,1450,0,0
322,"BF",13321,"Tegula",0,30,50,30,0,50,0,0
323,"BF",13442,"Tegula",0,50,50,30,0,200,0,0
324,"BF",13442,"Imbrex",0,50,60,15,0,150,0,0
325,"BF",13442,"Unident",0,105,70,25,0,1200,0,0
326,"BF",13642,"Unident",0,90,60,15,0,600,0,0
327,"BF",13692,"Unident",0,40,20,20,0,30,0,0
328,"BF",13932,"Imbrex",0,120,70,20,0,200,0,0
329,"BF",13932,"Unident",0,40,30,10,0,100,0,0
330,"BF",14002,"Unident",0,100,30,20,0,150,0,0
331,"BF",14002,"Imbrex",0,90,100,20,0,350,0,0
332,"BF",14002,"Unident",0,70,70,20,0,200,0,0
333,"BF",14052,"Unident",0,100,70,30,0,150,0,0
334,"BF",14052,"Tegula",0,25,50,45,0,150,0,0
335,"BF",14052,"Unident",0,180,200,40,0,3800,0,0
336,"BF",14052,"Tegula",0,300,300,50,0,5050,0,0
337,"BF",14052,"Imbrex",0,130,100,20,0,300,0,0
338,"BF",14052,"Brick, Flat",0,140,130,50,0,2500,0,0
339,"BF",14072,"Tegula",0,35,60,40,0,100,0,0
340,"BF",14072,"Unident",0,40,20,10,0,20,0,0
341,"BF",14152,"Unident",0,50,60,10,0,250,0,0
342,"BF",14202,"Unident",0,60,70,20,0,250,0,0
343,"BF",14222,"Unident",0,110,100,40,0,2600,0,0
344,"BF",14222,"Tegula",0,90,80,20,0,400,0,0
345,"BF",14222,"Imbrex",0,120,100,10,0,300,0,0
346,"BF",14262,"Unident",0,65,40,20,0,300,0,0
347,"BF",14262,"Unident",0,45,20,20,0,30,0,0
348,"BF",14262,"Tegula",0,20,90,50,0,150,0,0
349,"BF",14262,"Flue Tile",0,40,20,15,0,10,0,0
350,"BF",14262,"Unident",0,120,90,10,0,450,0,0
351,"BF",14342,"Unident",0,120,90,20,0,1400,0,0
352,"BF",14342,"Tegula",0,80,90,55,0,350,0,0
353,"BF",14342,"Unident",0,60,50,40,0,200,0,0
354,"BF",14342,"Tegula",0,20,40,40,0,100,0,0
355,"BF",14342,"Unident",0,70,45,15,0,700,0,0
356,"BF",14462,"Unident",0,90,80,20,0,1400,0,0
357,"BF",14462,"Tegula",0,270,210,20,0,1700,0,0
358,"BF",14462,"Imbrex",0,200,120,20,0,1500,0,0
359,"BF",14482,"Unident",0,40,30,10,0,100,0,0
360,"BF",14522,"Unident",0,50,40,20,0,200,0,0
361,"BF",14752,"Flue Tile",0,70,65,10,0,150,0,0
362,"BF",14752,"Unident",0,40,35,10,0,100,0,0
363,"BF",14862,"Unident",0,120,70,10,0,900,0,0
364,"BF",14862,"Imbrex",0,80,70,10,0,200,0,0
365,"BF",14862,"Unident",0,110,90,20,0,2000,0,0
366,"BF",14862,"Imbrex",0,95,60,20,0,100,0,0
367,"BF",14892,"Unident",0,85,75,40,0,1550,0,0
368,"BF",14892,"Flue Tile",0,25,15,15,0,20,0,0
369,"BF",15052,"Unident",0,60,30,20,0,50,0,0
370,"BF",15052,"Tegula",0,45,40,55,0,100,0,0
371,"BF",15052,"Unident",0,60,50,20,0,100,0,0
372,"BF",15092,"Unident",0,170,110,20,0,2600,0,0
373,"BF",15092,"Tegula",0,40,90,30,0,250,0,0
374,"BF",15092,"Imbrex",0,90,100,10,0,150,0,0
375,"BF",15092,"Unident",0,70,40,20,0,1500,0,0
376,"BF",15092,"Imbrex",0,120,120,20,0,1500,0,0
377,"BF",15092,"Tegula",0,90,80,50,0,1650,0,0
378,"BF",15182,"Unident",0,40,20,20,0,30,0,0
379,"BF",15292,"Unident",0,70,40,15,0,150,0,0
380,"BF",15422,"Unident",0,60,60,25,0,300,0,0
381,"BF",15642,"Unident",0,60,40,20,0,150,0,0
382,"BF",15642,"Tegula",0,75,120,45,0,700,0,0
383,"BF",15682,"Unident",0,100,40,25,0,900,0,0
384,"BF",15682,"Tegula",0,80,70,25,0,400,0,0
385,"BF",15682,"Imbrex",0,40,90,20,0,500,0,0
386,"BF",15692,"Unident",0,95,60,30,0,200,0,0
387,"BF",15732,"Unident",0,110,60,20,0,550,0,0
388,"BF",15732,"Unident",0,55,40,25,0,300,0,0
389,"BF",15742,"Unident",0,70,45,15,0,100,0,0
390,"BF",15812,"Unident",0,100,90,35,0,2500,0,0
391,"BF",15812,"Brick, Flat",0,120,90,45,0,700,0,0
392,"BF",15812,"Imbrex",0,100,110,15,0,1700,0,0
393,"BF",15812,"Tegula",0,60,120,55,0,1150,0,0
394,"BF",16652,"Unident",0,120,90,30,0,400,0,0
395,"BF",16902,"Unident",0,80,70,20,0,900,0,0
396,"BF",16902,"Imbrex",0,50,50,10,0,100,0,0
397,"BF",16902,"Unident",0,100,80,20,0,650,0,0
398,"BF",16902,"Tegula",0,50,100,50,0,550,0,0
399,"BF",16902,"Imbrex",0,90,60,15,0,100,0,0
400,"BF",16902,"Brick, Flat",0,150,130,40,0,1250,0,0
401,"BF",16902,"Unident",0,50,30,10,0,100,0,0
402,"BF",16902,"Brick, Flat",0,20,60,50,0,150,0,0
403,"BF",16902,"Tegula",0,50,130,50,0,400,0,0
404,"BF",16902,"Unident",0,50,30,20,0,250,0,0
405,"BF",17322,"Unident",0,80,50,10,0,1100,0,0
406,"BF",17322,"Tegula",0,150,110,40,0,850,0,0
407,"BF",17322,"Imbrex",0,70,60,15,0,400,0,0
408,"BF",17332,"Tegula",0,110,210,45,0,1200,0,0
409,"BF",17332,"Unident",0,50,40,20,0,300,0,0
410,"BF",17662,"Unident",0,60,70,40,0,250,0,0
411,"BF",17872,"Unident",0,90,90,40,0,1050,0,0
412,"BF",17872,"Imbrex",0,60,90,15,0,150,0,0
413,"BF",17872,"Unident",0,140,120,10,0,2650,0,0
414,"BF",17872,"Brick, Flat",0,160,190,50,0,4400,0,0
415,"BF",17872,"Imbrex",0,130,100,10,0,700,0,0
416,"BF",17872,"Tegula",0,40,70,50,0,450,0,0
417,"BF",17872,"Unident",0,70,60,30,0,1400,0,0
418,"BF",17872,"Tegula",0,130,60,20,0,900,0,0
419,"BF",17872,"Brick, Flat",0,180,80,50,0,4800,0,0
420,"BF",17872,"Imbrex",0,100,70,15,0,350,0,0
421,"BF",17872,"Unident",0,100,70,25,0,450,0,0
422,"BF",17872,"Unident",0,110,70,20,0,400,0,0
423,"BF",17872,"Tegula",0,90,60,30,0,400,0,0
424,"BF",17872,"Tegula",0,120,70,50,0,600,0,0
425,"BF",17872,"Imbrex",0,125,70,15,0,200,0,0
426,"BF",17872,"Unident",0,30,20,20,0,50,0,0
427,"BF",17872,"Unident",0,100,80,30,0,1300,0,0
428,"BF",17872,"Tegula",0,60,90,40,0,200,0,0
429,"BF",17872,"Imbrex",0,60,100,20,0,500,0,0
430,"BF",17872,"Brick, Flat",0,120,100,45,0,900,0,0
431,"BF",17872,"Unident",0,75,65,10,0,350,0,0
432,"BF",17872,"Tegula",0,30,85,50,0,150,0,0
433,"BF",17872,"Brick, Flat",0,80,40,40,0,200,0,0
434,"BF",17872,"Imbrex",0,50,110,15,0,200,0,0
435,"BF",17872,"Tessera",0,30,25,25,0,50,0,0
436,"BF",17872,"Unident",0,50,35,10,0,300,0,0
437,"BF",17872,"Unident",0,30,25,15,0,100,0,0
438,"BF",17872,"Unident",0,120,55,20,0,100,0,0
439,"BF",17872,"Tegula",0,75,50,30,0,150,0,0
440,"BF",11562,"Unident",0,120,80,40,0,800,0,0
441,"BF",11562,"Tegula",0,80,50,20,0,100,0,0
442,"BF",11562,"Imbrex",0,110,100,10,0,200,0,0
443,"BF",7772,"Unident",0,90,80,30,0,3200,0,0
444,"BF",7772,"Tegula",0,90,60,25,0,800,0,0
445,"BF",7772,"Imbrex",0,130,60,20,0,200,0,0
446,"BF",11562,"Unident",0,100,90,20,0,1500,0,0
447,"BF",11562,"Tegula",0,120,110,25,0,600,0,0
448,"BF",11562,"Imbrex",0,80,80,10,0,500,0,0
449,"BF",11362,"Unident",0,140,90,20,0,1900,0,0
450,"BF",11362,"Tegula",0,70,60,20,0,100,0,0
451,"BF",11362,"Imbrex",0,80,70,10,0,200,0,0
452,"SF",1232,"Pin",0,28,0,0,0,0,0,0
453,"SF",4018,,0,12,8,0,0,0,0,0
454,"SF",2355,"fragment 2",0,20,9,0,0,0,0,0
455,"SA",905,"Litres of soil",0,0,0,0,0,0,0,13
456,"SF",2453,"from X-ray",0,62,16,0,0,0,0,0
457,"SF",4095,,0,25,0,2,0,0,0,0
458,"SF",4028,,0,17,12,0,0,0,0,0
459,"SF",1250,,0,11,8,0,0,0,0,0
460,"BF",53048,"2005",0,0,0,0,0,40,0,0
461,"SF",805,,13,0,0,0,0,0,0,0
462,"SF",2304,,7,30,0,0,0,0,0,0
463,"SF",3783,,0,50,0,0,0,0,0,0
464,"SF",3829,,10,22,0,0,0,0,0,0
465,"SF",2025,"Primary",0,155,120,95,0,0,0,0
466,"SF",3779,,7,22,0,2,0,0,0,0
467,"SF",2042,"Primary",0,220,90,60,0,0,0,0
468,"SA",909,"Litres of soil",0,0,0,0,0,0,0,4
469,"SF",3922,,0,30,8,3,0,0,0,0
470,"SF",3098,,0,50,6,0,0,0,0,0
471,"SF",3962,,5,0,0,1,0,0,0,0
472,"SF",2325,"from X-ray",0,91,28,0,0,0,0,0
473,"SF",2130,"from X-ray",0,40,18,0,0,0,0,0
474,"SF",2983,,0,114,43,0,0,0,0,0
475,"SF",2155,"Primary",0,49,0,0,0,0,0,0
476,"SF",2169,"Primary",35,0,0,0,0,0,0,0
477,"SF",2173,"Primary",0,4,3,0,0,0,0,0
478,"SF",2179,"Primary",0,42,42,18,0,0,0,0
479,"SF",2190,"Primary",0,40,25,5,0,0,0,0
480,"SF",2193,"Primary",16,0,0,0,0,0,0,0
481,"SF",2194,"Primary",0,110,90,0,0,0,0,0
482,"SF",2197,"Primary",0,28,18,0,0,0,0,0
483,"SF",1254,,0,30,22,0,0,0,0,0
484,"SF",2204,"Primary",20,40,0,0,0,0,0,0
485,"SF",2205,"Primary",0,15,5,0,0,0,0,0
486,"SF",2206,"Primary",0,50,27,0,0,0,0,0
487,"SF",2207,"Primary",65,0,0,0,0,0,0,0
488,"SF",2212,"Primary",36,0,0,0,0,0,0,0
489,"SF",2213,"Primary",0,17,13,0,0,0,0,0
490,"SF",2214,"Primary",0,35,3,0,0,0,0,0
491,"SF",4043,,5,6,0,0,0,0,0,0
492,"SF",2219,"Primary",0,15,8,0,0,0,0,0
493,"SF",2220,"Primary",0,60,30,0,0,0,0,0
494,"SF",2225,"Primary",0,44,0,0,0,0,0,0
495,"SF",1078,,0,14,0,0,0,0,0,0
496,"SF",1805,"central hole",4,0,0,0,0,0,0,0
497,"SF",3083,,0,34,6,0,0,0,0,0
498,"SF",2235,"Primary",0,97,23,15,0,0,0,0
499,"SF",2237,"Primary",0,21,18,0,0,0,0,0
500,"SF",2249,"Overall L.",7,13,0,0,0,0,0,0
501,"SF",2257,"Primary",8,0,0,0,0,0,0,0
502,"SF",2258,"Primary",0,39,26,0,46,0,0,0
503,"SF",2261,"Primary",45,0,0,0,0,0,0,0
504,"SF",2317,,0,13,13,0,0,0,0,0
505,"SF",2264,"Primary",0,65,40,2,0,0,0,0
506,"SF",2269,"Primary",0,41,13,0,0,0,0,0
507,"SF",2271,"Primary",0,32,31,20,0,0,0,0
508,"SF",3843,,4,11,0,0,0,0,0,0
509,"SF",4003,,0,52,12,0,0,0,0,0
510,"SF",2277,"Primary",0,32,7,0,0,0,0,0
511,"SF",3393,,0,77,13,0,0,0,0,0
512,"SF",2284,"Primary",0,20,15,0,0,0,0,0
513,"SF",2824,,18,0,0,0,8,0,0,0
514,"SF",2315,"Primary",0,16,9,0,0,0,0,0
515,"SF",2316,"Primary",7,0,0,0,0,0,0,0
516,"SF",2012,,0,10,4,0,0,0,0,0
517,"SF",2319,"Primary",0,50,40,5,0,0,0,0
518,"SF",2324,"Primary",0,20,6,1,0,0,0,0
519,"SF",1489,,0,28,13,0,0,0,0,0
520,"SF",2332,"Primary",0,52,37,0,0,0,0,0
521,"SF",2438,"from X-ray",0,56,11,0,0,0,0,0
522,"SF",2198,,0,8,0,0,0,0,0,0
523,"SF",2348,"Primary",58,0,0,0,0,0,0,0
524,"SF",1460,,23,55,11,0,0,0,0,0
525,"SF",2013,,0,32,21,0,0,0,0,0
526,"SF",3110,,0,0,0,0,0,4,0,0
527,"SF",2368,"Primary",0,16,0,0,0,0,0,0
528,"SF",2371,"Fragment 1",0,23,10,0,0,0,0,0
529,"SF",2371,"Fragment 2",0,20,13,0,0,0,0,0
530,"SF",1257,"longest frag",61,0,0,0,0,0,0,0
531,"SF",2377,"Primary",0,660,570,0,0,0,0,0
532,"SF",2378,"Primary",64,57,0,0,0,0,0,0
533,"SF",2380,"Primary",4,0,0,0,0,0,0,0
534,"SF",2382,"Primary",0,24,18,0,0,0,0,0
535,"SF",2389,"Primary",0,26,0,0,0,0,0,0
536,"SF",2355,"fragment 1",0,23,10,0,0,0,0,0
537,"SF",3011,,0,16,4,0,0,0,0,0
538,"SF",2402,"Primary",0,64,35,0,0,0,0,0
539,"SF",2452,"from X-ray",0,36,6,0,0,0,0,0
540,"SF",2421,"Folded W.",0,61,22,0,0,0,0,0
541,"SF",2721,,0,44,32,0,0,0,0,0
542,"SF",2426,"Primary",20,0,0,0,0,1,0,0
543,"SF",2437,"Primary",31,0,0,6,0,0,0,0
544,"SF",2447,"Primary",0,30,29,0,0,0,0,0
545,"SF",2454,"from X-ray",0,25,6,0,0,0,0,0
546,"SF",2455,"Primary",0,12,5,0,0,0,0,0
547,"SF",2466,"Fragment 1",0,21,16,12,0,0,0,0
548,"SF",2466,"Fragment 2",0,25,18,10,0,0,0,0
549,"SF",2477,"Primary",0,109,0,0,0,0,0,0
550,"SF",2484,"Primary",0,46,0,0,0,0,0,0
551,"SF",2486,"Primary",0,56,21,0,0,0,0,0
552,"SF",2487,"Primary",0,58,0,0,0,0,0,0
553,"SF",2490,"Primary",0,115,37,10,0,0,0,0
554,"SF",2501,"Primary",0,54,0,0,0,0,0,0
555,"SF",2508,"Primary",0,95,50,4,0,0,0,0
556,"SF",2639,,0,25,0,0,0,0,0,0
557,"SF",2547,"Primary",12,0,0,0,0,0,0,0
558,"SF",2422,,0,43,0,0,0,0,0,0
559,"SF",2552,"Primary",0,90,23,7,0,0,0,0
560,"SF",2553,"Primary",0,66,36,18,0,0,0,0
561,"SF",2554,"Primary",0,64,40,8,0,0,0,0
562,"SF",2556,"Primary",0,63,22,5,0,0,0,0
563,"SF",2560,"Primary",0,73,0,5,0,0,0,0
564,"SF",2563,"Primary",0,83,41,10,0,0,0,0
565,"SF",2568,"Primary",0,70,10,4,0,0,0,0
566,"SF",2573,"Primary",0,7,5,0,0,0,0,0
567,"SF",2574,"1",0,8,6,0,0,0,0,0
568,"SF",2575,"Primary",5,0,0,0,0,0,0,0
569,"SF",2860,,0,104,0,0,0,0,0,0
570,"SF",2579,"Largest piece",0,82,19,5,0,0,0,0
571,"SF",2579,"Smallest piece",0,20,20,6,0,0,0,0
572,"SF",2587,"Primary",0,117,80,35,0,0,0,0
573,"SF",930,,0,30,12,0,0,0,0,0
574,"SF",2079,"Tweezers",0,55,15,0,0,0,0,0
575,"SF",962,,0,28,0,0,0,0,0,0
576,"SF",2614,"Primary",0,17,12,0,0,0,0,0
577,"SF",2615,"Primary",28,0,0,1,0,7,0,0
578,"SF",2263,,0,22,0,0,0,0,0,0
579,"SF",2634,"Primary",0,40,20,7,0,0,0,0
580,"SF",2233,,17,0,0,0,0,0,0,0
581,"SF",3001,,15,0,0,0,0,0,0,0
582,"SF",2642,"Approx L.",0,135,0,0,0,0,0,0
583,"SF",2650,"Primary",20,0,0,2,0,0,0,0
584,"SF",2655,"Primary",0,155,50,5,0,0,0,0
585,"SF",2659,"Primary",0,50,30,10,0,0,0,0
586,"SF",2660,"Primary",0,80,50,15,0,0,0,0
587,"SF",2686,"Primary",0,41,40,5,0,0,0,0
588,"SF",2689,"Primary",0,68,32,5,0,0,0,0
589,"SF",2691,"Primary",0,21,15,2,0,0,0,0
590,"SF",2692,"Primary",0,90,12,5,0,0,0,0
591,"SF",2595,,0,30,0,6,0,0,0,0
592,"SF",2727,"Primary",0,38,18,0,0,0,0,0
593,"SF",2740,"Primary",28,0,0,3,0,9,0,0
594,"SF",2745,"Primary",18,0,0,0,0,0,0,0
595,"SF",2747,"Primary",0,11,0,0,0,0,0,0
596,"SF",746,,0,22,11,0,0,0,0,0
597,"SF",3790,,0,34,22,0,0,0,0,0
598,"SF",2754,"Primary",0,22,18,3,0,0,0,0
599,"SF",2756,"Primary",0,55,0,0,0,0,0,0
600,"SF",2760,"Primary",0,32,15,0,0,0,0,0
601,"SF",2763,"Bone",0,58,20,0,0,0,0,0
602,"SF",2763,"Cu Al fragment",0,30,7,0,0,0,0,0
603,"SF",2766,"Largest",0,17,10,5,0,0,0,0
604,"SF",3493,,15,0,11,0,0,0,0,0
605,"SF",2772,"Primary",0,9,0,0,0,0,0,0
606,"SF",2773,"Primary",0,33,19,3,0,0,0,0
607,"SF",2776,"Primary",28,0,0,0,0,0,0,0
608,"SF",2783,"Primary",0,26,0,5,0,0,0,0
609,"SF",2785,"Primary",25,0,0,12,0,0,0,0
610,"SF",2786,"2002",0,78,26,0,0,0,0,0
611,"SF",2793,"Primary",0,47,0,0,0,0,0,0
612,"SF",2795,"Primary",0,85,22,11,0,0,0,0
613,"SF",2796,"D. of hole",9,0,0,0,0,0,0,0
614,"SF",2801,"Primary",0,67,45,3,0,0,0,0
615,"SF",2548,,0,48,0,0,0,0,0,0
616,"SF",2806,"Primary",0,33,14,11,0,0,0,0
617,"SF",2815,"Primary",16,0,12,0,0,0,0,0
618,"SF",3543,,0,49,0,0,0,0,0,0
619,"SF",2825,"Primary",0,104,24,17,0,0,0,0
620,"SF",2828,"Fragment 1",3,107,0,0,0,0,0,0
621,"SF",2828,"Fragment 2",0,41,0,0,0,0,0,0
622,"SF",2829,"Primary",0,10,9,6,0,0,0,0
623,"SF",2831,"Primary",0,56,0,8,0,0,0,0
624,"SF",2832,"Primary",0,104,35,10,0,0,0,0
625,"SF",2846,"Primary",18,0,0,1,0,2,0,0
626,"SF",2856,"Primary",0,19,0,0,0,0,0,0
627,"SF",2859,"Primary",37,0,0,3,0,0,0,0
628,"SF",3482,,16,0,0,9,0,0,0,0
629,"SF",2866,"Primary",0,24,0,0,0,0,0,0
630,"SF",2576,"D. of scoop",4,100,0,0,0,0,0,0
631,"SF",2882,"Primary",53,0,0,5,0,0,0,0
632,"SF",2924,,12,0,0,4,0,0,0,0
633,"SF",2928,,0,51,25,8,0,0,0,0
634,"SF",2949,,5,140,0,0,0,0,0,0
635,"SF",2952,,0,30,10,3,0,0,0,0
636,"SF",2589,,0,54,0,0,0,0,0,0
637,"SF",3496,,0,45,18,10,0,0,0,0
638,"SF",2961,"Tweezers",0,54,5,0,0,0,0,0
639,"SF",2958,,0,30,22,0,0,0,0,0
640,"SF",2964,,0,32,14,0,0,0,0,0
641,"SF",3086,,0,25,24,0,0,0,0,0
642,"SF",2967,"Largest piece",0,110,90,11,0,0,0,0
643,"SF",2974,,0,65,70,12,0,0,0,0
644,"SF",2975,,24,0,0,0,0,0,0,0
645,"SF",2977,,12,0,0,0,9,0,0,0
646,"SF",2980,,4,130,5,0,0,0,0,0
647,"SF",3018,,29,23,0,0,0,0,0,0
648,"SF",2985,,8,43,20,0,0,0,0,0
649,"BF",13441,,0,0,0,0,0,0,0,0
650,"SF",2995,,0,203,170,55,0,0,0,0
651,"SF",2998,,0,51,23,8,0,0,0,0
652,"SF",2999,,0,27,15,0,0,0,0,0
653,"SF",2713,,0,6,0,0,0,0,0,0
654,"SF",3002,,21,0,0,0,0,0,0,0
655,"SF",3005,,12,55,0,0,0,0,0,0
656,"SF",3006,,12,55,0,0,0,0,0,0
657,"SF",3008,"Largest piece o",0,115,51,15,0,0,0,0
658,"SF",2635,,19,0,0,15,0,0,0,0
659,"SF",2613,,0,76,0,0,0,0,0,0
660,"SF",3919,,0,22,12,0,0,0,0,0
661,"SF",3024,,1,10,0,0,0,0,0,0
662,"SF",3025,,0,63,0,0,0,0,0,0
663,"SF",3029,"largest frag.",0,46,26,18,0,0,0,0
664,"SF",3037,,0,0,62,0,20,0,0,0
665,"SF",3040,,0,30,22,2,0,0,0,0
666,"SF",3044,,0,43,0,1,0,0,0,0
667,"SF",3049,,0,37,12,0,0,0,0,0
668,"SF",3050,,5,152,0,0,0,0,0,0
669,"SF",3055,,7,0,0,0,0,0,0,0
670,"SF",3179,,4,12,0,0,0,0,0,0
671,"SF",3068,,3,20,0,0,0,0,0,0
672,"SF",3069,,0,35,23,4,0,0,0,0
673,"SF",3076,,2,36,1,0,0,0,0,0
674,"SF",979,,16,0,0,0,8,0,0,0
675,"SF",3079,,0,55,35,10,0,0,0,0
676,"SF",3082,,4,14,0,2,0,0,0,0
677,"SF",2437,"D. of hole",9,0,0,0,0,0,0,0
678,"SF",3084,,0,35,19,0,0,0,0,0
679,"SF",807,,16,14,0,0,0,0,0,0
680,"SF",3094,,0,43,23,2,0,0,0,0
681,"SF",3095,,140,0,0,0,140,0,0,0
682,"SF",3096,,110,0,0,0,115,0,0,0
683,"SF",2957,,44,0,0,11,0,0,0,0
684,"SF",3017,,0,32,10,0,0,0,0,0
685,"SF",3113,,0,25,0,5,0,0,0,0
686,"SF",3131,,0,147,73,33,0,0,0,0
687,"SF",3133,,0,35,0,0,0,0,0,0
688,"SF",3142,,0,50,22,5,0,0,0,0
689,"SF",3145,,0,10,10,13,0,0,0,0
690,"SF",3075,,10,57,0,0,0,0,0,0
691,"SF",4060,,0,86,5,0,0,0,0,0
692,"SF",3155,,0,140,0,1,0,0,0,0
693,"SF",3156,,0,50,60,6,0,0,0,0
694,"SF",3164,,0,106,68,30,0,0,0,0
695,"SF",2353,,0,8,7,0,0,0,0,0
696,"SF",3167,,68,0,0,4,0,0,0,0
697,"SF",3169,,0,37,20,0,0,0,0,0
698,"SF",3170,,0,45,35,5,0,0,0,0
699,"SF",3292,,0,64,8,0,0,0,0,0
700,"SF",3175,,0,70,50,8,0,0,0,0
701,"SF",3177,,0,65,45,10,0,0,0,0
702,"SF",3219,,0,150,80,0,80,0,0,0
703,"SF",3220,,0,120,108,0,56,0,0,0
704,"SF",2965,,0,17,14,0,0,0,0,0
705,"SF",3229,,0,215,163,0,100,0,0,0
706,"SF",3230,,13,0,0,4,0,0,0,0
707,"SF",3112,,24,0,0,0,6,0,0,0
708,"SF",4071,,0,115,0,8,0,0,0,0
709,"SF",3253,,0,118,100,36,0,0,0,0
710,"SF",3256,,0,64,21,0,0,0,0,0
711,"SF",2767,"D. of scoop",25,69,0,0,0,0,0,0
712,"SF",3264,,0,15,15,1,0,0,0,0
713,"BF",36508,"2003",0,0,0,0,0,400,0,0
714,"BF",5154,"Primary",0,0,0,0,0,2,0,0
715,"BF",5188,"2003",0,0,0,0,0,25,0,0
716,"BF",5248,"Primary",0,0,0,0,0,10,0,0
717,"BF",6504,"Primary",0,0,0,0,0,5,0,0
718,"BF",6508,"2003",0,0,0,0,0,60,0,0
719,"BF",6528,"2003",0,0,0,0,0,40,0,0
720,"BF",6578,"2003",0,0,0,0,0,50,0,0
721,"BF",6588,"2003",0,0,0,0,0,25,0,0
722,"BF",6604,"Primary",0,0,0,0,0,5,0,0
723,"BF",6608,"2003",0,0,0,0,0,50,0,0
724,"BF",6638,"2003",0,0,0,0,0,80,0,0
725,"BF",6644,"Primary",0,0,0,0,0,2,0,0
726,"BF",6648,"2003",0,0,0,0,0,50,0,0
727,"BF",10834,"Primary",0,0,0,0,0,20,0,0
728,"BF",10838,"2003",0,0,0,0,0,1,0,0
729,"BF",12154,"Primary",0,0,0,0,0,5,0,0
730,"BF",12468,"2003",0,0,0,0,0,40,0,0
731,"BF",13444,"Primary",0,0,0,0,0,400,0,0
732,"BF",13448,"Primary",0,0,0,0,0,1100,0,0
733,"BF",13454,"Primary",0,0,0,0,0,10,0,0
734,"BF",13464,"Primary",0,0,0,0,0,5,0,0
735,"BF",15044,"Primary",0,0,0,0,0,2,0,0
736,"BF",15224,"Primary",0,0,0,0,0,1,0,0
737,"BF",15228,"2003",0,0,0,0,0,50,0,0
738,"BF",15234,"Primary",0,0,0,0,0,40,0,0
739,"BF",15238,"2003",0,0,0,0,0,160,0,0
740,"BF",15838,"2003",0,0,0,0,0,40,0,0
741,"BF",16244,"Primary",0,0,0,0,0,25,0,0
742,"BF",16254,"Primary",0,0,0,0,0,10,0,0
743,"BF",16258,"2003",0,0,0,0,0,20,0,0
744,"bf",25494,"primary",0,0,0,0,0,250,0,0
745,"bf",25498,"2003",0,0,0,0,0,1250,0,0
746,"BF",26784,"Primary",0,0,0,0,0,180,0,0
747,"BF",26788,"2003",0,0,0,0,0,500,0,0
748,"BF",27214,"Primary",0,0,0,0,0,40,0,0
749,"BF",27218,"2003",0,0,0,0,0,10,0,0
750,"BF",27608,"2003",0,0,0,0,0,10,0,0
751,"BF",27634,"2003",0,0,0,0,0,10,0,0
752,"BF",27828,"2003",0,0,0,0,0,60,0,0
753,"BF",28134,"2003",0,0,0,0,0,400,0,0
754,"BF",28138,"2003",0,0,0,0,0,60,0,0
755,"BF",28694,"Primary",0,0,0,0,0,5,0,0
756,"BF",28698,"Primary",0,0,0,0,0,150,0,0
757,"BF",28754,"Primary",0,0,0,0,0,10,0,0
758,"BF",28758,"2003",0,0,0,0,0,150,0,0
759,"BF",28794,"Primary",0,0,0,0,0,15,0,0
760,"BF",28904,"Primary",0,0,0,0,0,10,0,0
761,"BF",28908,"2003",0,0,0,0,0,40,0,0
762,"BF",28924,"primary",0,0,0,0,0,150,0,0
763,"BF",28928,"Primary",0,0,0,0,0,80,0,0
764,"BF",28964,"Nails 2003",0,0,0,0,0,550,0,0
765,"BF",28968,"2003",0,0,0,0,0,3625,0,0
766,"BF",31018,"2003",0,0,0,0,0,10,0,0
767,"BF",31594,"2003",0,0,0,0,0,3,0,0
768,"BF",31614,"2003",0,0,0,0,0,2,0,0
769,"BF",31644,"Primary",0,0,0,0,0,2,0,0
770,"BF",31784,"Primary",0,0,0,0,0,5,0,0
771,"BF",31788,"2003",0,0,0,0,0,50,0,0
772,"BF",31804,"Primary",0,0,0,0,0,40,0,0
773,"BF",31808,"2003",0,0,0,0,0,125,0,0
774,"BF",31844,"Primary",0,0,0,0,0,2,0,0
775,"BF",36514,"Primary",0,0,0,0,0,275,0,0
776,"BF",36518,"2003",0,0,0,0,0,530,0,0
777,"BF",36524,"Primary",0,0,0,0,0,815,0,0
778,"BF",36528,"2003",0,0,0,0,0,1850,0,0
779,"BF",36534,"2003",0,0,0,0,0,20,0,0
780,"BF",36538,"2003",0,0,0,0,0,500,0,0
781,"BF",36674,"Primary",0,0,0,0,0,45,0,0
782,"BF",36678,"2003",0,0,0,0,0,100,0,0
783,"BF",36694,"Primary",0,0,0,0,0,20,0,0
784,"BF",36704,"2003",0,0,0,0,0,415,0,0
785,"BF",36708,"2003",0,0,0,0,0,2200,0,0
786,"BF",36748,"2003",0,0,0,0,0,50,0,0
787,"BF",36794,"Primary",0,0,0,0,0,560,0,0
788,"BF",36798,"2003",0,0,0,0,0,450,0,0
789,"BF",36864,"Primary",0,0,0,0,0,55,0,0
790,"BF",36868,"2003",0,0,0,0,0,200,0,0
791,"BF",36884,"Primary",0,0,0,0,0,160,0,0
792,"BF",36888,"2003",0,0,0,0,0,200,0,0
793,"BF",36914,"Primary",0,0,0,0,0,10,0,0
794,"BF",36918,"2003",0,0,0,0,0,10,0,0
795,"BF",36308,"2005",0,0,0,0,0,5,0,0
796,"BF",36308,"2003",0,0,0,0,0,20,0,0
797,"BF",37438,"2003",0,0,0,0,0,200,0,0
798,"SF",3129,"Primary",30,0,0,0,0,0,0,0
799,"SF",2926,"Primary",27,0,0,1,0,0,0,0
800,"SF",2963,"Primary",25,0,0,2,0,0,0,0
801,"SF",3110,"Primary",28,0,0,2,0,0,0,0
802,"SF",2990,"Primary",26,0,0,2,0,0,0,0
803,"BF",38854,"Primary",0,0,0,0,0,40,0,0
804,"BF",38864,"Primary",0,0,0,0,0,30,0,0
805,"BF",38868,"2003",0,0,0,0,0,20,0,0
806,"BF",39528,"2003",0,0,0,0,0,10,0,0
807,"BF",39544,"2003",0,0,0,0,0,10,0,0
808,"BF",39548,"2003",0,0,0,0,0,100,0,0
809,"BF",39944,"Primary",0,0,0,0,0,10,0,0
810,"BF",40524,"Primary",0,0,0,0,0,20,0,0
811,"BF",40528,"2003",0,0,0,0,0,50,0,0
812,"BF",40598,"2003",0,0,0,0,0,10,0,0
813,"BF",40604,"Primary",0,0,0,0,0,45,0,0
814,"BF",40608,"2003",0,0,0,0,0,300,0,0
815,"BF",40614,"Primary",0,0,0,0,0,40,0,0
816,"BF",40634,"Primary",0,0,0,0,0,10,0,0
817,"BF",40644,"Primary",0,0,0,0,0,2,0,0
818,"BF",40674,"Primary",0,0,0,0,0,15,0,0
819,"BF",40678,"2003",0,0,0,0,0,20,0,0
820,"BF",40768,"2003",0,0,0,0,0,10,0,0
821,"BF",40774,"Primary",0,0,0,0,0,10,0,0
822,"BF",40784,"Primary",0,0,0,0,0,15,0,0
823,"BF",40788,"2003",0,0,0,0,0,10,0,0
824,"BF",40798,"2003",0,0,0,0,0,40,0,0
825,"BF",40838,"2003",0,0,0,0,0,5,0,0
826,"BF",40844,"Primary",0,0,0,0,0,10,0,0
827,"BF",40848,"2003",0,0,0,0,0,50,0,0
828,"BF",40888,"2003",0,0,0,0,0,150,0,0
829,"BF",40924,"Primary",0,0,0,0,0,10,0,0
830,"BF",40928,"2003",0,0,0,0,0,10,0,0
831,"BF",40938,"2003",0,0,0,0,0,20,0,0
832,"BF",40944,"2003",0,0,0,0,0,25,0,0
833,"BF",40948,"2003",0,0,0,0,0,20,0,0
834,"BF",40994,"Primary",0,0,0,0,0,10,0,0
835,"BF",41054,"2003",0,0,0,0,0,5,0,0
836,"BF",41068,"2003",0,0,0,0,0,20,0,0
837,"BF",41124,"Primary",0,0,0,0,0,10,0,0
838,"BF",41128,"2003",0,0,0,0,0,20,0,0
839,"BF",41138,"2003",0,0,0,0,0,25,0,0
840,"BF",41168,"2003",0,0,0,0,0,25,0,0
841,"BF",44204,"Primary",0,0,0,0,0,15,0,0
842,"BF",41378,"2003",0,0,0,0,0,20,0,0
843,"BF",41468,"2003",0,0,0,0,0,10,0,0
844,"BF",41724,"Primary",0,0,0,0,0,20,0,0
845,"BF",41728,"2003",0,0,0,0,0,10,0,0
846,"BF",41824,"Primary",0,0,0,0,0,10,0,0
847,"BF",42254,"Primary",0,0,0,0,0,40,0,0
848,"BF",42258,"2003",0,0,0,0,0,20,0,0
849,"BF",42584,"Primary",0,0,0,0,0,5,0,0
850,"BF",42588,"2003",0,0,0,0,0,1,0,0
851,"BF",42714,"Primary",0,0,0,0,0,10,0,0
852,"BF",42728,"2003",0,0,0,0,0,10,0,0
853,"BF",42744,"Primary",0,0,0,0,0,50,0,0
854,"BF",42748,"2003",0,0,0,0,0,150,0,0
855,"BF",42814,"Primary",0,0,0,0,0,75,0,0
856,"BF",42818,"2003",0,0,0,0,0,5,0,0
857,"BF",43068,"2003",0,0,0,0,0,40,0,0
858,"BF",43114,"Primary",0,0,0,0,0,5,0,0
859,"BF",43118,"2003",0,0,0,0,0,50,0,0
860,"BF",43188,"2003",0,0,0,0,0,10,0,0
861,"BF",32044,"2003",0,0,0,0,0,2,0,0
862,"BF",32048,"2003",0,0,0,0,0,150,0,0
863,"BF",33024,"Primary",0,0,0,0,0,1,0,0
864,"BF",33044,"Primary",0,0,0,0,0,15,0,0
865,"BF",33048,"2003",0,0,0,0,0,50,0,0
866,"BF",33124,"Primary",0,0,0,0,0,225,0,0
867,"BF",33128,"Primary",0,0,0,0,0,30,0,0
868,"BF",33474,"Primary",0,0,0,0,0,45,0,0
869,"BF",33478,"2003",0,0,0,0,0,200,0,0
870,"BF",34464,"2003",0,0,0,0,0,10,0,0
871,"BF",34734,"Primary",0,0,0,0,0,40,0,0
872,"BF",34738,"2003",0,0,0,0,0,40,0,0
873,"BF",35154,"Primary",0,0,0,0,0,30,0,0
874,"BF",35794,"Primary",0,0,0,0,0,25,0,0
875,"BF",35998,"2003",0,0,0,0,0,40,0,0
876,"BF",36014,"Primary",0,0,0,0,0,5,0,0
877,"BF",36114,"Primary",0,0,0,0,0,240,0,0
878,"BF",36118,"2003",0,0,0,0,0,1050,0,0
879,"BF",36124,"Primary",0,0,0,0,0,10,0,0
880,"BF",36128,"2003",0,0,0,0,0,10,0,0
881,"BF",36178,"2003",0,0,0,0,0,20,0,0
882,"BF",36214,"Primary",0,0,0,0,0,2,0,0
883,"BF",36234,"Primary",0,0,0,0,0,10,0,0
884,"BF",36238,"2003",0,0,0,0,0,50,0,0
885,"BF",36284,"Primary",0,0,0,0,0,10,0,0
886,"BF",36288,"2003",0,0,0,0,0,100,0,0
887,"BF",36303,"Primary",0,0,0,0,0,5,0,0
888,"BF",37224,"Primary",0,0,0,0,0,40,0,0
889,"BF",37228,"2003",0,0,0,0,0,10,0,0
890,"BF",37254,"Primary",0,0,0,0,0,115,0,0
891,"BF",37258,"2003",0,0,0,0,0,60,0,0
892,"SF",651,"Fragment 2",0,18,12,0,0,0,0,0
893,"BF",12570,"Primary",0,0,0,0,0,63,0,0
894,"BF",14160,"Primary",0,0,0,0,0,3,0,0
895,"BF",14900,"Primary",0,0,0,0,0,680,0,0
896,"BF",7970,"Primary",0,0,0,0,0,9,0,0
897,"SF",2574,"2",8,2,0,0,0,0,0,0
898,"SF",827,"Maximum W.",0,15,20,0,0,0,0,0
899,"SF",3581,,0,30,0,13,0,0,0,0
900,"SF",1232,,0,38,5,0,0,0,0,0
901,"SF",3981,,23,127,7,0,0,0,0,0
902,"SF",3295,,0,18,17,6,0,0,0,0
903,"SF",3297,"1st fragment",0,42,13,4,0,0,0,0
904,"SF",3297,"2nd fragment",0,21,10,4,0,0,0,0
905,"SF",3679,,0,32,7,0,8,0,0,0
906,"SF",3042,,0,139,13,0,0,0,0,0
907,"SF",3648,,0,14,10,0,0,0,0,0
908,"SF",3320,,0,40,23,4,0,0,0,0
909,"SF",3338,,0,34,29,3,0,0,0,0
910,"SF",3340,,0,18,16,2,0,0,0,0
911,"SF",3343,,0,95,85,35,0,0,0,0
912,"SF",3361,,0,60,33,10,0,0,0,0
913,"SF",3365,,0,12,8,0,0,0,0,0
914,"SF",3384,,0,100,0,0,0,0,0,0
915,"SF",4089,,0,22,5,0,0,0,0,0
916,"SF",3385,,0,39,33,25,0,0,0,0
917,"SF",3409,,0,31,7,0,0,0,0,0
918,"SF",3515,,16,0,0,5,0,0,0,0
919,"SF",3381,,0,39,14,9,0,0,0,0
920,"SF",1077,,0,39,22,0,0,0,0,0
921,"SF",2079,"Nail-cleaner",0,41,0,0,0,0,0,0
922,"SF",3485,,0,44,10,2,0,0,0,0
923,"SF",3486,,0,6,2,2,0,0,0,0
924,"SF",2535,,14,0,0,0,0,0,0,0
925,"SF",3495,,9,0,0,1,0,0,0,0
926,"SF",3031,,0,50,22,6,0,0,0,0
927,"SF",3499,,0,35,22,3,0,0,0,0
928,"SF",3309,,0,69,20,0,0,0,0,0
929,"SF",3506,,23,0,0,4,0,0,0,0
930,"SF",3512,,0,14,12,9,0,0,0,0
931,"SF",3628,,41,0,0,5,0,0,0,0
932,"SF",3521,,0,50,25,10,0,0,0,0
933,"SF",1180,,18,0,0,0,0,0,0,0
934,"SF",2228,,12,0,0,0,0,0,0,0
935,"BF",12178,"2005",0,0,0,0,0,25,0,0
936,"SF",3554,,0,36,21,4,0,0,0,0
937,"SF",3260,,0,20,6,0,0,0,0,0
938,"SF",2961,"Nail-cleaners",0,46,4,0,0,0,0,0
939,"SF",2961,"Shaft",0,36,0,0,0,0,0,0
940,"SF",3022,"Fragment 1",0,21,20,0,0,0,0,0
941,"SF",3022,"Fragmenr 2",0,15,12,0,0,0,0,0
942,"SF",3022,"Fragment 3",0,15,12,0,0,0,0,0
943,"SF",2942,"Tweezers",0,54,0,0,0,0,0,0
944,"SF",2942,"Nail-cleaners",0,50,12,0,0,0,0,0
945,"SF",2942,"Ear-scoop",0,41,0,0,0,0,0,0
946,"SF",3002,"with stump",28,0,0,0,0,0,0,0
947,"SF",3593,,0,77,12,0,0,0,0,0
948,"SF",3601,,46,0,0,4,0,0,0,0
949,"SF",3697,,0,38,30,0,0,0,0,0
950,"SF",3363,,0,99,0,0,0,0,0,0
951,"SF",3288,,0,32,6,0,0,0,0,0
952,"SF",3635,,0,12,0,2,0,0,0,0
953,"SF",3593,,0,96,10,0,0,0,0,0
954,"SF",3500,,0,22,16,0,0,0,0,0
955,"SF",3932,,10,8,0,0,0,0,0,0
956,"SF",3670,,0,32,14,0,0,0,0,0
957,"SF",3655,,0,29,0,0,0,0,0,0
958,"SF",3484,,0,63,14,10,0,0,0,0
959,"SF",3696,,0,40,23,10,0,0,0,0
960,"SF",3854,,0,18,0,0,0,0,0,0
961,"BF",15834,"2004",0,0,0,0,0,30,0,0
962,"BF",15837,"2004",0,0,0,0,0,69,0,0
963,"BF",24258,"2004",0,0,0,0,0,7,0,0
964,"BF",27578,"2004",0,0,0,0,0,12,0,0
965,"BF",27844,"2004",0,0,0,0,0,25,0,0
966,"BF",27848,"2004",0,0,0,0,0,8,0,0
967,"BF",27974,"Slag 2004",0,0,0,0,0,179,0,0
968,"BF",27974,"Nails 2004",0,0,0,0,0,25,0,0
969,"BF",27978,"2004",0,0,0,0,0,101,0,0
970,"BF",28134,"2004",0,0,0,0,0,50,0,0
971,"BF",28135,"2004",0,0,0,0,0,6,0,0
972,"BF",28138,"2004",0,0,0,0,0,18,0,0
973,"BF",28854,"2004",0,0,0,0,0,30,0,0
974,"BF",28855,"2004",0,0,0,0,0,2,0,0
975,"BF",28858,"2004",0,0,0,0,0,12,0,0
976,"BF",28964,"Nails 2004",0,0,0,0,0,150,0,0
977,"BF",28965,"2004",0,0,0,0,0,7,0,0
978,"BF",28966,"2004",0,0,0,0,0,50,0,0
979,"BF",28968,"2004",0,0,0,0,0,464,0,0
980,"BF",28969,"Mortar 2004",0,0,0,0,0,81,0,0
981,"BF",28969,"Plaster 2004",0,0,0,0,0,1,0,0
982,"BF",28970,"Charcoal 2004",0,0,0,0,0,4,0,0
983,"BF",28970,"Mussel shell 20",0,0,0,0,0,6,0,0
984,"BF",30338,"2004",0,0,0,0,0,6,0,0
985,"BF",31014,"Nails 2004",0,0,0,0,0,75,0,0
986,"BF",31014,"Fe Slag 2004",0,0,0,0,0,260,0,0
987,"BF",31015,"2004",0,0,0,0,0,7,0,0
988,"BF",31018,"2004",0,0,0,0,0,11,0,0
989,"BF",31194,"2004",0,0,0,0,0,80,0,0
990,"BF",31195,"Glass 2004",0,0,0,0,0,6,0,0
991,"BF",31195,"Glass slag 2004",0,0,0,0,0,3,0,0
992,"BF",31198,"2004",0,0,0,0,0,223,0,0
993,"BF",31200,"2004",0,0,0,0,0,1,0,0
994,"BF",31594,"2004",0,0,0,0,0,25,0,0
995,"BF",31595,"2004",0,0,0,0,0,2,0,0
996,"BF",32008,"2004",0,0,0,0,0,21,0,0
997,"BF",32044,"2004",0,0,0,0,0,200,0,0
998,"BF",32048,"2004",0,0,0,0,0,149,0,0
999,"BF",34464,"2004",0,0,0,0,0,20,0,0
1000,"BF",34468,"2004",0,0,0,0,0,5,0,0
1001,"BF",35078,"2004",0,0,0,0,0,227,0,0
1002,"BF",35808,"2004",0,0,0,0,0,11,0,0
1003,"BF",35814,"2004",0,0,0,0,0,75,0,0
1004,"BF",36704,"2004",0,0,0,0,0,225,0,0
1005,"BF",36705,"2004",0,0,0,0,0,36,0,0
1006,"BF",36708,"2004",0,0,0,0,0,399,0,0
1007,"BF",36710,"2004",0,0,0,0,0,8,0,0
1008,"BF",37128,"2004",0,0,0,0,0,5,0,0
1009,"BF",39008,"2004",0,0,0,0,0,7,0,0
1010,"BF",39010,"2004",0,0,0,0,0,1,0,0
1011,"BF",39094,"2004",0,0,0,0,0,50,0,0
1012,"BF",39098,"2004",0,0,0,0,0,17,0,0
1013,"BF",39099,"2004",0,0,0,0,0,103,0,0
1014,"BF",39100,"2004",0,0,0,0,0,1,0,0
1015,"BF",39238,"2004",0,0,0,0,0,34,0,0
1016,"BF",39244,"2004",0,0,0,0,0,25,0,0
1017,"BF",39248,"2004",0,0,0,0,0,87,0,0
1018,"BF",39308,"2004",0,0,0,0,0,4,0,0
1019,"SF",652,,0,0,0,0,0,1,0,0
1020,"SF",2426,,23,0,0,0,0,0,0,0
1021,"SF",983,,15,0,0,0,0,1,0,0
1022,"SF",1231,,16,0,0,0,0,0,0,0
1023,"SF",1476,,16,0,0,0,0,2,0,0
1024,"SA",20,"Litres of soil",0,0,0,0,0,0,0,15
1025,"SA",36,"Litres of soil",0,0,0,0,0,0,0,19
1026,"SA",49,"Litres of soil",0,0,0,0,0,0,0,8
1027,"SA",51,"Litres of soil",0,0,0,0,0,0,0,4
1028,"SA",56,"Litres of soil",0,0,0,0,0,0,0,13
1029,"SA",57,"Litres of soil",0,0,0,0,0,0,0,8
1030,"SA",84,"Litres of soil",0,0,0,0,0,0,0,13
1031,"SF",1204,,0,46,0,0,0,0,0,0
1032,"SF",2040,"from X-ray",0,80,18,0,0,0,0,0
1033,"BF",39458,"2004",0,0,0,0,0,16,0,0
1034,"BF",39544,"2004",0,0,0,0,0,10,0,0
1035,"BF",39548,"2004",0,0,0,0,0,61,0,0
1036,"SF",2080,"from X-ray",0,42,22,0,0,0,0,0
1037,"SF",3890,,0,9,0,1,0,0,0,0
1038,"SF",2237,"from X-ray",0,21,20,0,0,0,0,0
1039,"SF",2217,"From X-ray",0,23,0,0,0,0,0,0
1040,"SF",2166,"from X-ray",16,29,0,0,0,0,0,0
1041,"SF",2211,"from X-ray",0,70,11,0,0,0,0,0
1042,"SF",2235,"from X-ray",0,85,22,0,0,0,0,0
1043,"SF",2264,"from X-ray",0,56,33,0,0,0,0,0
1044,"SA",779,"Litres of soil",0,0,0,0,0,0,0,11
1045,"SF",2926,,0,0,0,0,0,8,0,0
1046,"SF",2963,,0,0,0,0,0,9,0,0
1047,"SF",2990,,0,0,0,0,0,9,0,0
1048,"SF",3129,,0,0,0,0,0,8,0,0
1049,"BF",40818,"2004",0,0,0,0,0,12,0,0
1050,"BF",40975,"2004",0,0,0,0,0,1,0,0
1051,"BF",40980,"2004",0,0,0,0,0,1,0,0
1052,"BF",41364,"2004",0,0,0,0,0,20,0,0
1053,"BF",41368,"2004",0,0,0,0,0,48,0,0
1054,"BF",41464,"2004",0,0,0,0,0,25,0,0
1055,"BF",41468,"2004",0,0,0,0,0,23,0,0
1056,"BF",41499,"2004",0,0,0,0,0,81,0,0
1057,"BF",41568,"2004",0,0,0,0,0,4,0,0
1058,"BF",41564,"2004",0,0,0,0,0,10,0,0
1059,"SF",2846,,0,0,0,0,0,2,0,0
1060,"SA",820,"litres of soil",0,0,0,0,0,0,0,9
1061,"BF",41794,"2004",0,0,0,0,0,25,0,0
1062,"BF",42723,"2004",0,0,0,0,0,10,0,0
1063,"BF",42724,"2004",0,0,0,0,0,25,0,0
1064,"BF",42726,"2004",0,0,0,0,0,10,0,0
1065,"BF",42728,"2004",0,0,0,0,0,76,0,0
1066,"BF",42730,"2004",0,0,0,0,0,2,0,0
1067,"BF",43545,"2004",0,0,0,0,0,4,0,0
1068,"BF",43548,"2004",0,0,0,0,0,41,0,0
1069,"SA",821,"litres of soil",0,0,0,0,0,0,0,2
1070,"SA",823,"litres of soil",0,0,0,0,0,0,0,4
1071,"SA",825,"litres of soil",0,0,0,0,0,0,0,1
1072,"SA",826,"litres of soil",0,0,0,0,0,0,0,1
1073,"SA",836,"litres of soil",0,0,0,0,0,0,0,8
1074,"SA",840,"litres of soil",0,0,0,0,0,0,0,10
1075,"SA",843,"litres of soil",0,0,0,0,0,0,0,6
1076,"SA",844,"litres of soil",0,0,0,0,0,0,0,4
1077,"SA",846,,0,0,0,0,0,0,0,0
1078,"SA",850,"litres of soil",0,0,0,0,0,0,0,10
1079,"SA",656,"litres of soil",0,0,0,0,0,0,0,2
1080,"SA",658,,0,0,0,0,0,0,0,0
1081,"SA",666,"litres of soil",0,0,0,0,0,0,0,28
1082,"SA",669,"litres of soil",0,0,0,0,0,0,0,29
1083,"BF",47314,"2004",0,0,0,0,0,25,0,0
1084,"BF",47658,"2004",0,0,0,0,0,29,0,0
1085,"BF",47754,"2004",0,0,0,0,0,45,0,0
1086,"BF",47755,"2004",0,0,0,0,0,11,0,0
1087,"BF",47758,"2004",0,0,0,0,0,362,0,0
1088,"BF",47760,"Oyster 2004",0,0,0,0,0,6,0,0
1089,"BF",47760,"Charcoal 2004",0,0,0,0,0,2,0,0
1090,"BF",48054,"2004",0,0,0,0,0,150,0,0
1091,"BF",48055,"2004",0,0,0,0,0,8,0,0
1092,"BF",48058,"2004",0,0,0,0,0,200,0,0
1093,"BF",48059,"Op sig 2004",0,0,0,0,0,130,0,0
1094,"BF",48059,"Clinker 2004",0,0,0,0,0,218,0,0
1095,"BF",48060,"2004",0,0,0,0,0,1,0,0
1096,"BF",48074,"2004",0,0,0,0,0,10,0,0
1097,"BF",48075,"2004",0,0,0,0,0,8,0,0
1098,"BF",48134,"2004",0,0,0,0,0,25,0,0
1099,"BF",48135,"2004",0,0,0,0,0,2,0,0
1100,"BF",48138,"2004",0,0,0,0,0,52,0,0
1101,"BF",48140,"2004",0,0,0,0,0,4,0,0
1102,"BF",48325,"2004",0,0,0,0,0,12,0,0
1103,"BF",48328,"2004",0,0,0,0,0,284,0,0
1104,"BF",48329,"2004",0,0,0,0,0,472,0,0
1105,"BF",48354,"2004",0,0,0,0,0,325,0,0
1106,"BF",48355,"2004",0,0,0,0,0,33,0,0
1107,"BF",48358,"2004",0,0,0,0,0,1570,0,0
1108,"BF",48360,"Oyster 2004",0,0,0,0,0,14,0,0
1109,"BF",48360,"Charcoal 2004",0,0,0,0,0,12,0,0
1110,"BF",48404,"2004",0,0,0,0,0,100,0,0
1111,"BF",48408,"2004",0,0,0,0,0,464,0,0
1112,"BF",48409,"2004",0,0,0,0,0,10,0,0
1113,"BF",48604,"2004",0,0,0,0,0,25,0,0
1114,"BF",48605,"2004",0,0,0,0,0,12,0,0
1115,"BF",48608,"2004",0,0,0,0,0,11,0,0
1116,"BF",49014,"2004",0,0,0,0,0,60,0,0
1117,"BF",49015,"2004",0,0,0,0,0,16,0,0
1118,"BF",49018,"2004",0,0,0,0,0,49,0,0
1119,"BF",49020,"2004",0,0,0,0,0,5,0,0
1120,"BF",49124,"2004",0,0,0,0,0,5,0,0
1121,"BF",49125,"2004",0,0,0,0,0,21,0,0
1122,"BF",49130,"2004",0,0,0,0,0,1,0,0
1123,"BF",49154,"2004",0,0,0,0,0,5,0,0
1124,"BF",49158,"2004",0,0,0,0,0,24,0,0
1125,"BF",49234,"2004",0,0,0,0,0,10,0,0
1126,"BF",49235,"2004",0,0,0,0,0,5,0,0
1127,"BF",49274,"2004",0,0,0,0,0,40,0,0
1128,"BF",49278,"2004",0,0,0,0,0,762,0,0
1129,"BF",49284,"2004",0,0,0,0,0,10,0,0
1130,"BF",49288,"2004",0,0,0,0,0,14,0,0
1131,"BF",49290,"2004",0,0,0,0,0,15,0,0
1132,"BF",49424,"2004",0,0,0,0,0,5,0,0
1133,"BF",49428,"2004",0,0,0,0,0,6,0,0
1134,"BF",49618,"2004",0,0,0,0,0,13,0,0
1135,"BF",49854,"2004",0,0,0,0,0,5,0,0
1136,"BF",49858,"2004",0,0,0,0,0,5,0,0
1137,"BF",49868,"2004",0,0,0,0,0,26,0,0
1138,"BF",50199,"2004",0,0,0,0,0,11,0,0
1139,"BF",50258,"2004",0,0,0,0,0,15,0,0
1140,"BF",50304,"2004",0,0,0,0,0,10,0,0
1141,"SA",570,"litres of soil",0,0,0,0,0,0,0,11
1142,"SA",571,"litres of soil",0,0,0,0,0,0,0,8
1143,"SA",572,"litres of soil",0,0,0,0,0,0,0,10
1144,"SA",579,"litres of soil",0,0,0,0,0,0,0,5
1145,"SA",582,"litres of soil",0,0,0,0,0,0,0,22
1146,"SA",588,"litres of soil",0,0,0,0,0,0,0,13
1147,"SA",622,"litres of soil",0,0,0,0,0,0,0,4
1148,"SA",631,"litres of soil",0,0,0,0,0,0,0,24
1149,"SF",2402,"from X-ray",0,58,25,0,0,0,0,0
1150,"SF",2343,"from X-ray",0,73,17,0,0,0,0,0
1151,"SF",2289,"from X-ray",0,24,11,0,0,0,0,0
1152,"SF",3764,,0,32,23,15,0,0,0,0
1153,"SF",1158,,0,0,27,0,53,0,0,0
1154,"SF",1166,,0,0,24,0,26,0,0,0
1155,"SF",3740,"A2005.27",32,0,0,4,0,0,0,0
1156,"SF",3815,,0,41,16,0,0,0,0,0
1157,"SF",3766,,0,31,30,0,0,0,0,0
1158,"BF",53181,"2005",0,0,0,0,0,20,0,0
1159,"BF",53251,"2005",0,0,0,0,0,10,0,0
1160,"BF",53421,"2005",0,0,0,0,0,110,0,0
1161,"BF",53431,"2005",0,0,0,0,0,150,0,0
1162,"BF",53461,"2005",0,0,0,0,0,120,0,0
1163,"BF",53468,"2005",0,0,0,0,0,15,0,0
1164,"SF",3777,"2005",23,0,0,2,0,5,0,0
1165,"SF",3948,,0,50,4,0,0,0,0,0
1166,"BF",53581,"2005",0,0,0,0,0,3210,0,0
1167,"BF",53588,"2005",0,0,0,0,0,690,0,0
1168,"BF",53701,"2005",0,0,0,0,0,150,0,0
1169,"BF",53721,"2005",0,0,0,0,0,675,0,0
1170,"BF",53728,"2005",0,0,0,0,0,200,0,0
1171,"BF",53808,"2005",0,0,0,0,0,80,0,0
1172,"BF",53891,"2005",0,0,0,0,0,110,0,0
1173,"BF",53898,"2005",0,0,0,0,0,50,0,0
1174,"BF",54161,"2005",0,0,0,0,0,40,0,0
1175,"BF",54181,"2005",0,0,0,0,0,1130,0,0
1176,"BF",54184,"2005",0,0,0,0,0,5,0,0
1177,"BF",54188,"2005",0,0,0,0,0,140,0,0
1178,"BF",54331,"2005",0,0,0,0,0,60,0,0
1179,"BF",54338,"2005",0,0,0,0,0,10,0,0
1180,"BF",54551,"2005",0,0,0,0,0,25,0,0
1181,"BF",55281,"2005",0,0,0,0,0,1000,0,0
1182,"BF",50851,"2005",0,0,0,0,0,30,0,0
1183,"BF",50858,"2005",0,0,0,0,0,5,0,0
1184,"BF",50861,"2005",0,0,0,0,0,800,0,0
1185,"BF",50868,"2005",0,0,0,0,0,10,0,0
1186,"BF",50898,"2005",0,0,0,0,0,140,0,0
1187,"BF",52681,"2005",0,0,0,0,0,100,0,0
1188,"BF",52688,"2005",0,0,0,0,0,25,0,0
1189,"BF",52701,"2005",0,0,0,0,0,450,0,0
1190,"BF",52708,"2005",0,0,0,0,0,2,0,0
1191,"BF",52771,"2005",0,0,0,0,0,1300,0,0
1192,"BF",52778,"2005",0,0,0,0,0,325,0,0
1193,"SF",3793,"Shank 1",0,26,0,0,0,0,0,0
1194,"SF",3793,"Head",18,0,0,0,0,0,0,0
1195,"SF",3173,,0,55,30,0,0,0,0,0
1196,"SF",3602,,0,44,0,0,0,0,0,0
1197,"SF",2393,,0,17,15,0,0,0,0,0
1198,"SF",3854,,0,14,0,0,0,0,0,0
1199,"SF",3439,,0,13,0,0,0,0,0,0
1200,"SF",4058,,0,16,6,0,0,0,0,0
1201,"SF",3883,,0,21,24,6,0,0,0,0
1202,"SF",4062,,14,0,0,5,0,0,0,0
1203,"SF",3908,"2005",15,15,0,0,0,0,0,0
1204,"SF",3999,"nail",0,47,15,0,0,0,0,0
1205,"SF",3793,"Shank 2",0,17,0,0,0,0,0,0
1206,"SF",3778,,0,112,15,0,0,0,0,0
1207,"SF",3667,,7,10,0,0,0,0,0,0
1208,"SF",3939,,0,20,17,5,0,0,0,0
1209,"SF",3880,,0,73,8,7,0,0,0,0
1210,"SF",3925,,0,28,14,0,0,0,0,0
1211,"SF",3928,,0,112,0,0,0,0,0,0
1212,"SF",4065,,0,48,17,0,0,0,0,0
1213,"SF",3964,"2005",14,0,0,6,0,0,0,0
1214,"SF",3978,,0,12,5,1,0,0,0,0
1215,"SF",3985,"2005",25,0,0,2,0,7,0,0
1216,"SF",3919,,0,19,8,0,0,0,0,0
1217,"SF",3999,"shank",0,44,6,0,0,0,0,0
1218,"SF",3999,"nail",0,40,12,0,0,0,0,0
1219,"SF",4019,"2005",0,17,20,16,0,0,0,0
1220,"SF",4041,,0,50,16,11,0,0,0,0
1221,"SF",3946,,24,0,0,14,0,0,0,0
1222,"SF",3795,,0,60,14,0,0,0,0,0
1223,"SF",3812,"approx D.",130,30,7,5,0,0,0,0
1224,"SF",3758,,0,30,18,15,0,0,0,0
1225,"SF",3021,,0,60,0,0,0,0,0,0
1226,"SF",3717,,0,93,16,0,0,0,0,0
1227,"SF",4061,"Largest",0,23,17,0,0,0,0,0
1228,"SF",3953,,0,40,0,0,0,0,0,0
1229,"SF",4077,,18,0,0,3,0,0,0,0
1230,"SF",4036,"Strip 1",0,40,10,0,0,0,0,0
1231,"BF",52841,"2005",0,0,0,0,0,660,0,0
1232,"BF",52848,"2005",0,0,0,0,0,10,0,0
1233,"BF",52851,"2005",0,0,0,0,0,120,0,0
1234,"BF",52861,"2005",0,0,0,0,0,70,0,0
1235,"BF",52868,"2005",0,0,0,0,0,5,0,0
1236,"BF",52951,"2005",0,0,0,0,0,5,0,0
1237,"BF",52958,"2005",0,0,0,0,0,5,0,0
1238,"BF",52978,"2005",0,0,0,0,0,5,0,0
1239,"BF",55511,"2005",0,0,0,0,0,10,0,0
1240,"BF",55561,"2005",0,0,0,0,0,200,0,0
1241,"BF",55568,"2005",0,0,0,0,0,10,0,0
1242,"BF",55604,"2005",0,0,0,0,0,230,0,0
1243,"BF",55611,"2005",0,0,0,0,0,40,0,0
1244,"BF",55628,"2005",0,0,0,0,0,150,0,0
1245,"BF",55631,"2005",0,0,0,0,0,80,0,0
1246,"BF",55638,"2005",0,0,0,0,0,10,0,0
1247,"BF",55741,"2005",0,0,0,0,0,60,0,0
1248,"BF",55748,"2005",0,0,0,0,0,30,0,0
1249,"BF",55771,"2005",0,0,0,0,0,200,0,0
1250,"BF",55778,"2005",0,0,0,0,0,10,0,0
1251,"BF",55831,"2005",0,0,0,0,0,140,0,0
1252,"BF",55838,"2005",0,0,0,0,0,10,0,0
1253,"BF",55841,"2005",0,0,0,0,0,240,0,0
1254,"BF",55848,"2005",0,0,0,0,0,10,0,0
1255,"BF",55851,"2005",0,0,0,0,0,10,0,0
1256,"BF",55911,"2005",0,0,0,0,0,10,0,0
1257,"BF",55921,"2005",0,0,0,0,0,40,0,0
1258,"BF",55931,"2005",0,0,0,0,0,450,0,0
1259,"BF",55938,"2005",0,0,0,0,0,160,0,0
1260,"BF",55981,"2005",0,0,0,0,0,20,0,0
1261,"BF",56091,"2005",0,0,0,0,0,10,0,0
1262,"BF",56098,"2005",0,0,0,0,0,20,0,0
1263,"BF",56171,"2005",0,0,0,0,0,10,0,0
1264,"BF",56178,"2005",0,0,0,0,0,30,0,0
1265,"BF",56271,"2005",0,0,0,0,0,130,0,0
1266,"BF",56278,"2005",0,0,0,0,0,50,0,0
1267,"BF",56301,"2005",0,0,0,0,0,20,0,0
1268,"BF",56308,"2005",0,0,0,0,0,20,0,0
1269,"BF",56311,"2005",0,0,0,0,0,10,0,0
1270,"BF",56318,"2005",0,0,0,0,0,10,0,0
1271,"BF",56351,"2005",0,0,0,0,0,60,0,0
1272,"BF",56358,"2005",0,0,0,0,0,10,0,0
1273,"BF",56461,"2005",0,0,0,0,0,60,0,0
1274,"BF",56491,"2005",0,0,0,0,0,40,0,0
1275,"BF",59541,"2005",0,0,0,0,0,400,0,0
1276,"BF",59548,"2005",0,0,0,0,0,10,0,0
1277,"BF",59611,"2005",0,0,0,0,0,10,0,0
1278,"BF",59621,"2005",0,0,0,0,0,970,0,0
1279,"BF",59628,"2005",0,0,0,0,0,160,0,0
1280,"BF",59671,"2005",0,0,0,0,0,260,0,0
1281,"BF",59678,"2005",0,0,0,0,0,60,0,0
1282,"BF",59741,"2005",0,0,0,0,0,10,0,0
1283,"BF",59744,"2005",0,0,0,0,0,5,0,0
1284,"BF",59748,"2005",0,0,0,0,0,60,0,0
1285,"BF",59761,"2005",0,0,0,0,0,60,0,0
1286,"BF",59768,"2005",0,0,0,0,0,10,0,0
1287,"BF",59831,"2005",0,0,0,0,0,470,0,0
1288,"BF",59881,"2005",0,0,0,0,0,250,0,0
1289,"BF",59884,"2005",0,0,0,0,0,10,0,0
1290,"BF",59888,"2005",0,0,0,0,0,50,0,0
1291,"BF",59951,"2005",0,0,0,0,0,35,0,0
1292,"BF",59954,"2005",0,0,0,0,0,10,0,0
1293,"BF",59958,"2005",0,0,0,0,0,10,0,0
1294,"BF",59961,"2005",0,0,0,0,0,30,0,0
1295,"BF",59964,"2005",0,0,0,0,0,5,0,0
1296,"BF",60071,"2005",0,0,0,0,0,10,0,0
1297,"BF",60074,"2005",0,0,0,0,0,15,0,0
1298,"BF",60078,"2005",0,0,0,0,0,15,0,0
1299,"BF",60091,"2005",0,0,0,0,0,10,0,0
1300,"BF",60098,"2005",0,0,0,0,0,40,0,0
1301,"BF",60151,"2005",0,0,0,0,0,75,0,0
1302,"BF",60154,"2005",0,0,0,0,0,5,0,0
1303,"BF",60158,"2005",0,0,0,0,0,80,0,0
1304,"BF",60191,"2005",0,0,0,0,0,40,0,0
1305,"BF",60194,"2005",0,0,0,0,0,10,0,0
1306,"BF",60198,"2005",0,0,0,0,0,90,0,0
1307,"BF",60201,"2005",0,0,0,0,0,5,0,0
1308,"BF",60208,"2005",0,0,0,0,0,110,0,0
1309,"BF",60588,"2005",0,0,0,0,0,20,0,0
1310,"BF",60601,"2005",0,0,0,0,0,100,0,0
1311,"BF",60758,"2005",0,0,0,0,0,20,0,0
1312,"BF",60851,"2005",0,0,0,0,0,150,0,0
1313,"BF",60901,"2005",0,0,0,0,0,75,0,0
1314,"BF",60908,"2005",0,0,0,0,0,25,0,0
1315,"BF",60931,"2005",0,0,0,0,0,25,0,0
1316,"BF",60941,"2005",0,0,0,0,0,10,0,0
1317,"BF",60948,"2005",0,0,0,0,0,10,0,0
1318,"BF",60951,"2005",0,0,0,0,0,20,0,0
1319,"BF",60958,"2005",0,0,0,0,0,10,0,0
1320,"BF",60961,"2005",0,0,0,0,0,70,0,0
1321,"BF",60968,"2005",0,0,0,0,0,25,0,0
1322,"BF",61061,"2005",0,0,0,0,0,100,0,0
1323,"BF",61071,"2005",0,0,0,0,0,50,0,0
1324,"BF",61371,"2005",0,0,0,0,0,100,0,0
1325,"BF",61378,"2005",0,0,0,0,0,10,0,0
1326,"BF",61451,"2005",0,0,0,0,0,20,0,0
1327,"BF",61454,"2005",0,0,0,0,0,2,0,0
1328,"BF",61458,"2005",0,0,0,0,0,10,0,0
1329,"BF",53611,"2005",0,0,0,0,0,50,0,0
1330,"BF",53618,"2005",0,0,0,0,0,50,0,0
1331,"SF",3875,,19,0,0,8,0,0,0,0
1332,"SF",3140,,0,156,64,0,0,0,0,0
1333,"SF",3817,"2005",0,225,85,50,0,0,0,0
1334,"SF",3827,"2005",0,15,9,3,0,0,0,0
1335,"SF",3831,"2005",0,249,12,10,0,0,0,0
1336,"BF",14751,"1999",0,0,0,0,0,0,0,0
1337,"SF",3836,"2005",21,0,0,2,0,8,0,0
1338,"SF",3913,,0,44,0,0,0,0,0,0
1339,"SF",3933,"2005",0,44,19,17,0,0,0,0
1340,"SF",3963,"2005",0,39,27,5,0,0,0,0
1341,"SF",3968,"2005",0,27,18,3,0,0,0,0
1342,"SF",3969,"2005",0,21,22,2,0,0,0,0
1343,"SF",3975,"2005",0,52,11,4,0,0,0,0
1344,"SF",3976,"2005",0,35,15,8,0,0,0,0
1345,"SF",2617,,42,0,0,14,0,0,0,0
1346,"SF",4017,"2005",0,27,25,0,0,0,0,0
1347,"SF",4031,,0,52,18,0,0,0,0,0
1348,"SF",4045,,0,48,22,10,0,0,0,0
1349,"SF",4039,"2005",0,62,10,10,0,0,0,0
1350,"SF",4044,"2005",0,25,18,8,0,0,0,0
1351,"SF",4046,"2005",28,0,0,2,0,8,0,0
1352,"SF",4064,"2005",0,25,23,15,0,0,0,0
1353,"SF",4069,"2005",0,72,56,25,0,0,0,0
1354,"SF",4085,"2005",0,106,62,31,0,0,0,0
1355,"SF",4086,"2005",0,37,21,10,0,0,0,0
1356,"SF",4096,"2005",0,20,15,3,0,0,0,0
1357,"SF",3855,,0,16,5,0,0,0,0,0
1358,"SF",4036,"Strip 2",0,40,10,0,0,0,0,0
1359,"SF",3796,,0,28,7,0,0,0,0,0
1360,"SF",3879,"largest",0,36,16,0,0,0,0,0
1361,"SF",4082,,0,45,12,0,0,0,0,0
1362,"SF",3653,,0,53,12,0,0,0,0,0
1363,"SF",3154,,0,46,34,0,0,0,0,0
1364,"SF",3042,,0,42,9,0,0,0,0,0
1365,"BF",48401,"2005",0,0,0,0,0,60,0,0
1366,"BF",48408,"2005",0,0,0,0,0,100,0,0
1367,"BF",49011,"2005",0,0,0,0,0,25,0,0
1368,"BF",49111,"2005",0,0,0,0,0,10,0,0
1369,"BF",49471,"2005",0,0,0,0,0,925,0,0
1370,"BF",49478,"2005",0,0,0,0,0,10,0,0
1371,"BF",49691,"2005",0,0,0,0,0,10,0,0
1372,"BF",49791,"2005",0,0,0,0,0,250,0,0
1373,"BF",49798,"2005",0,0,0,0,0,10,0,0
1374,"BF",49861,"2005",0,0,0,0,0,40,0,0
1375,"BF",49868,"2005",0,0,0,0,0,10,0,0
1376,"BF",49971,"2005",0,0,0,0,0,30,0,0
1377,"BF",49991,"2005",0,0,0,0,0,190,0,0
1378,"BF",49998,"2005",0,0,0,0,0,5,0,0
1379,"BF",50561,"2005",0,0,0,0,0,80,0,0
1380,"BF",50568,"2005",0,0,0,0,0,40,0,0
1381,"SF",2344,,14,11,0,0,0,0,0,0
1382,"SF",2391,,0,88,0,0,0,0,0,0
1383,"SF",3077,,0,24,19,0,0,0,0,0
1384,"SF",856,,17,0,0,0,0,0,0,0
1385,"BF",12328,"2005",0,0,0,0,0,50,0,0
1386,"BF",13461,"2005",0,0,0,0,0,900,0,0
1387,"BF",13468,"2005",0,0,0,0,0,50,0,0
1388,"BF",14751,"2005",0,0,0,0,0,30,0,0
1389,"BF",14758,"2005",0,0,0,0,0,10,0,0
1390,"bf",25331,"2005",0,0,0,0,0,5350,0,0
1391,"BF",25338,"2005",0,0,0,0,0,30,0,0
1392,"BF",25941,"2005",0,0,0,0,0,150,0,0
1393,"BF",25948,"2005",0,0,0,0,0,10,0,0
1394,"BF",27601,"2005",0,0,0,0,0,450,0,0
1395,"BF",27608,"2005",0,0,0,0,0,140,0,0
1396,"BF",27631,"2005",0,0,0,0,0,450,0,0
1397,"BF",27638,"2005",0,0,0,0,0,140,0,0
1398,"BF",28961,"2005",0,0,0,0,0,10,0,0
1399,"BF",28968,"2005",0,0,0,0,0,5,0,0
1400,"BF",31311,"2005",0,0,0,0,0,5410,0,0
1401,"BF",31318,"2005",0,0,0,0,0,940,0,0
1402,"BF",31461,"2005",0,0,0,0,0,4850,0,0
1403,"BF",31468,"2005",0,0,0,0,0,390,0,0
1404,"BF",31591,"2005",0,0,0,0,0,50,0,0
1405,"BF",31610,"2005",0,0,0,0,0,150,0,0
1406,"BF",31618,"2005",0,0,0,0,0,10,0,0
1407,"BF",31651,"2005",0,0,0,0,0,10,0,0
1408,"BF",31838,"2005",0,0,0,0,0,5,0,0
1409,"BF",32041,"2005",0,0,0,0,0,1750,0,0
1410,"BF",32048,"2005",0,0,0,0,0,200,0,0
1411,"BF",34021,"2005",0,0,0,0,0,40,0,0
1412,"BF",34028,"2005",0,0,0,0,0,5,0,0
1413,"BF",34251,"2005",0,0,0,0,0,180,0,0
1414,"BF",35011,"2005",0,0,0,0,0,50,0,0
1415,"BF",36301,"2005",0,0,0,0,0,40,0,0
1416,"BF",39191,"2005",0,0,0,0,0,20,0,0
1417,"BF",39201,"2005",0,0,0,0,0,250,0,0
1418,"BF",39208,"2005",0,0,0,0,0,10,0,0
1419,"BF",39411,"2005",0,0,0,0,0,40,0,0
1420,"BF",39418,"2005",0,0,0,0,0,10,0,0
1421,"BF",39521,"2005",0,0,0,0,0,750,0,0
1422,"BF",39541,"2005",0,0,0,0,0,4800,0,0
1423,"BF",39548,"2005",0,0,0,0,0,2120,0,0
1424,"BF",39591,"2005",0,0,0,0,0,400,0,0
1425,"BF",39598,"2005",0,0,0,0,0,100,0,0
1426,"BF",40041,"2005",0,0,0,0,0,40,0,0
1427,"BF",40048,"2005",0,0,0,0,0,5,0,0
1428,"BF",40541,"2005",0,0,0,0,0,290,0,0
1429,"BF",40881,"2005",0,0,0,0,0,210,0,0
1430,"BF",40888,"2005",0,0,0,0,0,10,0,0
1431,"BF",41351,"2005",0,0,0,0,0,50,0,0
1432,"BF",41358,"2005",0,0,0,0,0,20,0,0
1433,"BF",43191,"2005",0,0,0,0,0,450,0,0
1434,"BF",43198,"2005",0,0,0,0,0,80,0,0
1435,"BF",43471,"2005",0,0,0,0,0,290,0,0
1436,"BF",43478,"2005",0,0,0,0,0,25,0,0
1437,"BF",43481,"2005",0,0,0,0,0,240,0,0
1438,"BF",43488,"2005",0,0,0,0,0,10,0,0
1439,"BF",34618,"2005",0,0,0,0,0,5,0,0
1440,"BF",40548,"2005",0,0,0,0,0,2,0,0
1441,"BF",31598,"2004",0,0,0,0,0,3,0,0
1442,"BF",34488,"2003",0,0,0,0,0,20,0,0
1443,"BF",41214,"2003",0,0,0,0,0,40,0,0
1444,"BF",41218,"2003",0,0,0,0,0,1,0,0
1445,"BF",6618,"2003",0,0,0,0,0,40,0,0
1446,"SF",2796,,20,0,15,0,0,0,0,0
1447,"SF",2877,,30,0,0,0,0,0,0,0
1448,"SF",2079,"Ear-scoop",0,39,0,0,0,0,0,0
1449,"SF",2554,,0,63,37,18,0,0,0,0
1450,"SF",2832,,0,108,36,16,0,0,0,0
1451,"SF",2692,,0,59,14,0,0,0,0,0
1452,"SF",2655,"T.=returned end",0,160,36,51,0,0,0,0
1453,"SF",2508,,0,88,454,0,0,0,0,0
1454,"SF",2553,,0,62,24,0,0,0,0,0
1455,"SF",2552,,0,93,24,12,0,0,0,0
1456,"SF",2660,,0,82,34,12,0,0,0,0
1457,"SF",2795,,0,87,24,12,0,0,0,0
1458,"SF",2563,"Fragment 1",0,39,36,0,0,0,0,0
1459,"SF",2563,"Fragment 2",0,45,26,0,0,0,0,0
1460,"SF",2859,,36,0,0,0,0,0,0,0
1461,"SF",3048,,6,40,0,0,0,0,0,0
1462,"SF",4148,"2006",0,20,11,5,0,0,0,0
1463,"SF",4154,"2006",0,23,20,8,0,0,0,0
1464,"SF",4158,"2006",0,32,26,0,0,0,0,0
1465,"SF",4164,"2006",0,38,7,7,0,0,0,0
1466,"SF",4176,"2006",0,90,4,0,0,0,0,0
1467,"SF",4180,"2006",12,0,0,1,0,0,0,0
1468,"SF",4183,"2006",0,22,16,2,0,0,0,0
1469,"SF",4271,"2006",0,28,25,1,0,0,0,0
1470,"SF",4280,"2006",0,50,10,0,0,0,0,0
1471,"SF",4315,"2006",10,0,0,1,0,0,0,0
1472,"SF",4322,"2006",0,30,32,6,0,0,0,0
1473,"SF",4144,"2006",28,0,0,2,0,0,0,0
1474,"SF",4348,"2006",0,37,15,3,0,0,0,0
1475,"SF",4357,"2006",0,25,3,0,0,0,0,0
1476,"SF",4377,"2006 (i)",0,21,17,0,0,0,0,0
1477,"SF",4377,"2006 (ii)",0,20,11,0,0,0,0,0
1478,"SF",4419,"2006",0,18,7,7,0,0,0,0
1479,"SF",4482,"2006",0,8,4,1,0,0,0,0
1480,"SF",4499,"2006",17,0,0,0,15,0,0,0
1481,"SF",4516,"2006",30,0,0,3,0,0,0,0
1482,"BF",12181,"2006",0,0,0,0,0,25,0,0
1483,"BF",12191,"2006",0,0,0,0,0,150,0,0
1484,"BF",13451,"2006",0,0,0,0,0,200,0,0
1485,"BF",24231,"2006",0,0,0,0,0,75,0,0
1486,"BF",28131,"2006",0,0,0,0,0,150,0,0
1487,"BF",31111,"2006",0,0,0,0,0,1000,0,0
1488,"BF",31131,"2006",0,0,0,0,0,625,0,0
1489,"BF",31291,"2006",0,0,0,0,0,325,0,0
1490,"BF",36171,"2006",0,0,0,0,0,100,0,0
1491,"BF",39191,"2006",0,0,0,0,0,100,0,0
1492,"BF",40881,"2006",0,0,0,0,0,175,0,0
1493,"BF",41361,"2006",0,0,0,0,0,50,0,0
1494,"BF",41451,"2006",0,0,0,0,0,50,0,0
1495,"BF",48921,"2006",0,0,0,0,0,300,0,0
1496,"BF",49111,"2006",0,0,0,0,0,250,0,0
1497,"BF",49861,"2006",0,0,0,0,0,1925,0,0
1498,"BF",52861,"2006",0,0,0,0,0,100,0,0
1499,"BF",55741,"2006",0,0,0,0,0,400,0,0
1500,"BF",55751,"2006",0,0,0,0,0,1425,0,0
1501,"BF",55811,"2006",0,0,0,0,0,50,0,0
1502,"BF",55818,"2006",0,0,0,0,0,1000,0,0
1503,"BF",59531,"2006",0,0,0,0,0,75,0,0
1504,"BF",59631,"2006",0,0,0,0,0,25,0,0
1505,"BF",59671,"2006",0,0,0,0,0,50,0,0
1506,"BF",59741,"2006",0,0,0,0,0,750,0,0
1507,"BF",53806,"2006",0,0,0,0,0,4,0,0
1508,"BF",59981,"2006",0,0,0,0,0,600,0,0
1509,"BF",60011,"2006",0,0,0,0,0,1000,0,0
1510,"BF",60081,"2006",0,0,0,0,0,250,0,0
1511,"BF",60111,"2006",0,0,0,0,0,250,0,0
1512,"BF",60151,"2006",0,0,0,0,0,150,0,0
1513,"BF",60461,"2006",0,0,0,0,0,50,0,0
1514,"BF",60681,"2006",0,0,0,0,0,325,0,0
1515,"BF",60861,"2006",0,0,0,0,0,1175,0,0
1516,"BF",60981,"2006",0,0,0,0,0,100,0,0
1517,"BF",61021,"2006",0,0,0,0,0,350,0,0
1518,"BF",61161,"2006",0,0,0,0,0,550,0,0
1519,"BF",61281,"2006",0,0,0,0,0,850,0,0
1520,"BF",61451,"2006",0,0,0,0,0,50,0,0
1521,"BF",9886,"1998",0,0,0,0,0,3,0,0
1522,"BF",10446,"2001",0,0,0,0,0,2,0,0
1523,"BF",12576,"1999",0,0,0,0,0,21,0,0
1524,"BF",12646,"1999",0,0,0,0,0,8,0,0
1525,"BF",12886,"1998",0,0,0,0,0,2,0,0
1526,"BF",12976,"2001",0,0,0,0,0,2,0,0
1527,"BF",15096,"2001",0,0,0,0,0,54,0,0
1528,"BF",15256,"2001",0,0,0,0,0,7,0,0
1529,"BF",17326,"1999",0,0,0,0,0,0,0,0
1530,"BF",17326,"2001",0,0,0,0,0,65,0,0
1531,"BF",17846,"2001",0,0,0,0,0,2,0,0
1532,"BF",19566,"2001",0,0,0,0,0,2,0,0
1533,"BF",27136,"2001",0,0,0,0,0,21,0,0
1534,"BF",27686,"2001",0,0,0,0,0,12,0,0
1535,"BF",27756,"2001",0,0,0,0,0,2,0,0
1536,"BF",28246,"2001",0,0,0,0,0,2,0,0
1537,"BF",28466,"2001",0,0,0,0,0,4,0,0
1538,"BF",28746,"2001",0,0,0,0,0,6,0,0
1539,"BF",28906,"2002",0,0,0,0,0,4,0,0
1540,"BF",28916,"2001",0,0,0,0,0,2,0,0
1541,"BF",28966,"Total",0,0,0,0,0,560,0,0
1542,"BF",31226,"2001",0,0,0,0,0,2,0,0
1543,"BF",36116,"2003",0,0,0,0,0,2,0,0
1544,"BF",39546,"2003",0,0,0,0,0,2,0,0
1545,"BF",39546,"2005",0,0,0,0,0,2,0,0
1546,"BF",14126,"2001",0,0,0,0,0,3,0,0
1547,"BF",27886,"2001",0,0,0,0,0,6,0,0
1548,"BF",32096,"2001",0,0,0,0,0,2,0,0
1549,"BF",32096,"2002",0,0,0,0,0,3,0,0
1550,"BF",25426,"2002",0,0,0,0,0,3,0,0
1551,"BF",30326,"2002",0,0,0,0,0,9,0,0
1552,"BF",30956,"2002",0,0,0,0,0,3,0,0
1553,"BF",30976,"2002",0,0,0,0,0,2,0,0
1554,"BF",32326,"2002",0,0,0,0,0,21,0,0
1555,"BF",32516,"2002",0,0,0,0,0,3,0,0
1556,"BF",33476,"2002",0,0,0,0,0,1,0,0
1557,"BF",36526,"2003",0,0,0,0,0,4,0,0
1558,"BF",37116,"2003",0,0,0,0,0,2,0,0
1559,"BF",28676,"2001",0,0,0,0,0,2,0,0
1560,"BF",59616,"2005",0,0,0,0,0,2,0,0
1561,"BF",53809,"2006 Op Sig",0,0,0,0,0,33530,0,0
1562,"BF",24232,"Tegula 2006",0,0,0,0,0,3175,0,0
1563,"BF",24232,"Unident 2006",0,0,0,0,0,50,0,0
1564,"BF",24232,"Imbrex 2006",0,0,0,0,0,450,0,0
1565,"BF",28132,"Tegula 2006",0,0,0,0,0,120,0,0
1566,"BF",28132,"Imbrex 2006",0,0,0,13,0,40,0,0
1567,"BF",28132,"Unident 2006",0,0,0,0,0,5,0,0
1568,"BF",31112,"Tegula 2006",0,0,0,0,0,1700,0,0
1569,"BF",31112,"Unident 2006",0,0,0,0,0,490,0,0
1570,"BF",31112,"Brick 2006",0,0,0,0,0,340,0,0
1571,"BF",31113,"Tegula 2006",0,0,0,0,0,1160,0,0
1572,"BF",39192,"Unident 2006",0,0,0,0,0,50,0,0
1573,"BF",41462,"Tegula 2006",0,0,0,0,0,60,0,0
1574,"BF",41462,"Unident 2006",0,0,0,0,0,40,0,0
