find_id,within_context_id
877,1636
5161,1016
5164,1016
5168,1016
5170,1016
6264,1126
6401,1140
6403,1140
6404,1140
6405,1140
6407,1140
6408,1140
6410,1140
7581,1258
7584,1258
7586,1258
7587,1258
7588,1258
7771,1277
7774,1277
7775,1277
7778,1277
7881,1288
7883,1288
7884,1288
7885,1288
7887,1288
7888,1288
7890,1288
6253,1125
6261,1126
7961,1296
7963,1296
7964,1296
7965,1296
7966,1296
6267,1126
7967,1296
7968,1296
7970,1296
6291,1129
6294,1129
6297,1129
6298,1129
551,1223
528,1223
651,1296
652,1296
674,1296
678,1296
683,1351
702,1351
742,1397
746,1393
774,1457
784,1544
7231,1223
7234,1223
7235,1223
7238,1223
7371,1237
7373,1237
7374,1237
7375,1237
7376,1237
7378,1237
7401,1240
7404,1240
7408,1240
7421,1242
7424,1242
7425,1242
7431,1243
7433,1243
7434,1243
7435,1243
7436,1243
7437,1243
8951,1395
8954,1395
8958,1395
8621,1362
8623,1362
8624,1362
8625,1362
8628,1362
8971,1397
8974,1397
8975,1397
8977,1397
8978,1397
9101,1410
9103,1410
9104,1410
9105,1410
9107,1410
8021,1302
8024,1302
830,1488
8511,1351
8513,1351
8514,1351
8515,1351
8518,1351
8581,1358
8585,1358
8588,1358
9571,1457
9573,1457
9574,1457
9578,1457
9611,1461
9614,1461
9615,1461
903,1472
904,1472
789,1410
798,1544
975,1254
965,1277
966,1277
801,1277
803,1277
805,1476
806,1477
807,1461
810,1277
814,1397
838,1461
854,1277
856,1397
880,1622
916,1288
930,1580
945,1582
948,1277
951,1277
962,1656
963,1277
971,1656
974,1687
979,1656
983,1656
1015,1712
1078,1788
1082,1788
1110,1756
1056,1756
1061,1756
1062,1761
1063,1761
1069,1796
1118,1761
1074,1788
1077,1788
1320,2232
16651,2165
16654,2165
16658,2165
1121,1757
16901,2190
16904,2190
16907,2190
17321,2232
17235,2232
17236,2232
17238,2232
1138,1756
1286,2057
1142,1788
1143,1788
1158,1761
1460,2233
1461,2027
17324,2232
17325,2232
17326,2232
17328,2232
17331,2233
17334,2233
17337,2233
17981,2298
17985,2298
1204,1775
1214,1756
1476,1900
17664,2266
12565,1756
12567,1756
12568,1756
12570,1756
12571,1757
12573,1757
12574,1757
12576,1757
12577,1757
12578,1757
12580,1757
12611,1761
12613,1761
12614,1761
12615,1761
12617,1761
12618,1761
12620,1761
12641,1764
12644,1764
12645,1764
12646,1764
12681,1768
12683,1768
12684,1768
12687,1768
12688,1768
12690,1768
12711,1771
12713,1771
12714,1771
12718,1771
12721,1772
12728,1772
12751,1775
12753,1775
1231,1934
1232,1934
1489,2298
12531,1753
12534,1753
12561,1756
12563,1756
12564,1756
12755,1775
12758,1775
12760,1775
12881,1788
12883,1788
12884,1788
12885,1788
12886,1788
12968,1796
13007,1800
13321,1832
13324,1832
13327,1832
13328,1832
12887,1788
12888,1788
12890,1788
12921,1792
12924,1792
12961,1796
12963,1796
12964,1796
12965,1796
13081,1808
13108,1810
1166,1761
1175,1796
1180,1792
13831,1883
13834,1883
14007,1900
14051,1905
14054,1905
14058,1905
14071,1907
14074,1907
13901,1890
13934,1893
13937,1893
14001,1900
14004,1900
14141,1914
14144,1914
14147,1914
14148,1914
14151,1915
14154,1915
14158,1915
14160,1915
14201,1920
14078,1907
14204,1920
14206,1920
14221,1922
14231,1923
14234,1923
14238,1923
14261,1926
14263,1926
14264,1926
14268,1926
1246,1796
1247,1796
14341,1934
14344,1934
14347,1934
14348,1934
14481,1948
14521,1952
14524,1952
14526,1952
14541,1954
14544,1954
14753,1975
14758,1975
14768,1976
1250,1989
1254,1796
1255,1905
1257,1796
1260,2009
13441,1844
13444,1844
13448,1844
13491,1849
14861,1986
14864,1986
14866,1986
14868,1986
14891,1989
14893,1989
14894,1989
14895,1989
14898,1989
14900,1989
14751,1975
15051,2005
15054,2005
15058,2005
15068,2006
15091,2009
15093,2009
15094,2009
15096,2009
15291,2029
15294,2029
15298,2029
15514,2051
15518,2051
15518,2051
15519,2051
15520,2051
15681,2068
15688,2068
15691,2069
15814,2081
15817,2081
16381,2138
16384,2138
16388,2138
16431,2143
13741,1874
15421,2042
15424,2042
15425,2042
15426,2042
15428,2042
15621,2062
15628,2062
15641,2064
15645,2064
16434,2143
16437,2143
16438,2143
10311,1531
11641,1664
11643,1664
11644,1664
11711,1671
11713,1671
11714,1671
11718,1671
11720,1671
9654,1465
9658,1465
13648,1864
11791,1679
11794,1679
11798,1679
11871,1687
11874,1687
11877,1687
11878,1687
11188,1688
11888,1688
11881,1688
9721,1472
9724,1472
9725,1472
9728,1472
9741,1474
9743,1474
9744,1474
9745,1474
9761,1476
9764,1476
9765,1476
9767,1476
9768,1476
9771,1477
9774,1477
9881,1488
9883,1488
9884,1488
9885,1488
9981,1498
9983,1498
9984,1498
9987,1498
9988,1498
10171,1517
10175,1517
10451,1545
10457,1545
10458,1545
10531,1553
10538,1553
10540,1553
10801,1580
10821,1582
10824,1582
10825,1582
11221,1622
11224,1622
11228,1622
11361,1636
11364,1636
11541,1654
11548,1654
1711,2657
1805,2687
1830,2664
1860,2062
21521,2652
21524,2652
21526,2652
21528,2652
21571,2657
21574,2657
21578,2657
21641,2664
21645,2664
21648,2664
21671,2667
21674,2667
21677,2667
21733,2673
21751,2675
21754,2675
21758,2675
21834,2683
21871,2687
21874,2687
21901,2690
21908,2690
24071,2907
24078,2907
24231,2923
24232,2923
24238,2923
24251,2925
24254,2925
24258,2925
25281,3028
25284,3028
25288,3028
18401,2340
18404,2340
18408,2340
19531,2453
19551,2455
19554,2455
19555,2455
19558,2455
19561,2456
19564,2456
19565,2456
19566,2456
19568,2456
19608,2460
19701,2470
19703,2470
19708,2470
19710,2470
19711,2471
19714,2471
19715,2471
19718,2471
19720,2471
19738,2473
19961,2496
12061,1706
13111,1811
15011,2001
15351,2035
15731,2073
15741,2074
15744,2074
17841,2284
17846,2284
17848,2284
17871,2287
17872,2287
17873,2287
17876,2287
17878,2287
17880,2287
5162,1016
6262,1126
6402,1140
6412,1141
6632,1163
6682,1168
7772,1277
8622,1362
9882,1488
11712,1671
12562,1756
12572,1757
12612,1761
12642,1764
12682,1768
12712,1771
12722,1772
12752,1775
12882,1788
12962,1796
13002,1800
13092,1809
13442,1844
13642,1864
13692,1869
13932,1893
14002,1900
14052,1905
14072,1907
14152,1915
14202,1920
14222,1922
14262,1926
14342,1934
14462,1946
14482,1948
14522,1952
14752,1975
14862,1986
14892,1989
15052,2005
15092,2009
15182,2018
15292,2029
15422,2042
15642,2064
15682,2068
15692,2069
15732,2073
15742,2074
15812,2081
16652,2165
16902,2190
17322,2232
17332,2233
17662,2266
11562,1656
11362,1636
32050,3704
5151,1015
5158,1015
5181,1018
6411,1141
6413,1141
6501,1150
6508,1150
6511,1151
6514,1151
6521,1152
6528,1152
6651,1165
6681,1168
6683,1168
7541,1254
7545,1254
10331,1533
10441,1544
10443,1544
10444,1544
10445,1544
10446,1544
10448,1544
10450,1544
11223,1622
11230,1622
11401,1640
11403,1640
11404,1640
11405,1640
11408,1640
11410,1640
12976,1797
13181,1818
13183,1818
13184,1818
13188,1818
13190,1818
13443,1844
13445,1844
13446,1844
13449,1844
13450,1844
13451,1845
13454,1845
13455,1845
13456,1845
13458,1845
14053,1905
14121,1912
14123,1912
14124,1912
14126,1912
14128,1912
14129,1912
14611,1961
14613,1961
14614,1961
14615,1961
14618,1961
15014,2001
15018,2001
15095,2009
15097,2009
15098,2009
15231,2023
15234,2023
15251,2025
15256,2025
15361,2036
15364,2036
15367,2036
15368,2036
15369,2036
15694,2069
15745,2074
15748,2074
25331,3033
25334,3033
25481,3048
25484,3048
25485,3048
25488,3048
25490,3048
25491,3049
25494,3049
25495,3049
25498,3049
25500,3049
25674,3067
25675,3067
25680,3067
25711,3071
25881,3088
25884,3088
25888,3088
25891,3089
25894,3089
25898,3089
25941,3094
25944,3094
25945,3094
25948,3094
25950,3094
25961,3096
25964,3096
25981,3098
25984,3098
25991,3099
25993,3099
25994,3099
25996,3099
25998,3099
26000,3099
27011,3201
27018,3201
27041,3204
27044,3204
27045,3204
27048,3204
27066,3206
27068,3206
27111,3211
27118,3211
27120,3211
27131,3213
27134,3213
27136,3213
27138,3213
27141,3214
27143,3214
27144,3214
27148,3214
27150,3214
27211,3221
27311,3231
27314,3231
27315,3231
27320,3231
27421,3242
27461,3246
27471,3247
27473,3247
27474,3247
27475,3247
27478,3247
27480,3247
27483,3248
27484,3248
27488,3248
27521,3252
27523,3252
27524,3252
27525,3252
27528,3252
27529,3252
27530,3252
27591,3259
27593,3259
27594,3259
27595,3259
27598,3259
27600,3259
27661,3266
27663,3266
27664,3266
27670,3266
27671,3267
27674,3267
27680,3267
27683,3268
27684,3268
27686,3268
27690,3268
27741,3274
27744,3274
27748,3274
27751,3275
27753,3275
27756,3275
27758,3275
27759,3275
27771,3277
27778,3277
27781,3278
27788,3278
27790,3278
27811,3281
27813,3281
27814,3281
27815,3281
27851,3285
27858,3285
27871,3287
27874,3287
27875,3287
27878,3287
27881,3288
27883,3288
27884,3288
27886,3288
27891,3289
27898,3289
27901,3290
27904,3290
27931,3293
27933,3293
27938,3293
27941,3294
27944,3294
27951,3295
27953,3295
27954,3295
27955,3295
27958,3295
27960,3295
27991,3299
28011,3301
28014,3301
28018,3301
28020,3301
28031,3303
28033,3303
28034,3303
28035,3303
28037,3303
28041,3304
28044,3304
28046,3304
28051,3305
28071,3307
28081,3308
28084,3308
28088,3308
28090,3308
28111,3311
28114,3311
28121,3312
28123,3312
28131,3313
28134,3313
28137,3313
28138,3313
28161,3316
28163,3316
28164,3316
28166,3316
28171,3317
28174,3317
28175,3317
28181,3318
28201,3320
28204,3320
28221,3322
28224,3322
28241,3324
28243,3324
28244,3324
28245,3324
28246,3324
28248,3324
28250,3324
28254,3325
28261,3326
28281,3328
28284,3328
28288,3328
28291,3329
28298,3329
28301,3330
28304,3330
28305,3330
28308,3330
28310,3330
28431,3343
28434,3343
28435,3343
28440,3343
28461,3346
28464,3346
28466,3346
28468,3346
28470,3346
28471,3347
28476,3347
28478,3347
28501,3350
28504,3350
28511,3351
28514,3351
28515,3351
28518,3351
28520,3351
28531,3353
28534,3353
28538,3353
28601,3360
28604,3360
28605,3360
28651,3365
28653,3365
28654,3365
28655,3365
28657,3365
28658,3365
28660,3365
28671,3367
28674,3367
28675,3367
28676,3367
28678,3367
28681,3368
28691,3369
28694,3369
28721,3372
28724,3372
28741,3374
28743,3374
28744,3374
28745,3374
28746,3374
28747,3374
28748,3374
28750,3374
28751,3375
28761,3376
28821,3382
28828,3382
28831,3383
28838,3383
28841,3384
28843,3384
28844,3384
28850,3384
28861,3386
28891,3389
28911,3391
28913,3391
28914,3391
28916,3391
28920,3391
28921,3392
28923,3392
28924,3392
28925,3392
28928,3392
28951,3395
28953,3395
28954,3395
28958,3395
28960,3395
28961,3396
28964,3396
28966,3396
28968,3396
28981,3398
28988,3398
30151,3515
30154,3515
30158,3515
30160,3515
30211,3521
30214,3521
30215,3521
30218,3521
30331,3533
30333,3533
30334,3533
30335,3533
30338,3533
30340,3533
31011,3601
31014,3601
31018,3601
31020,3601
31031,3603
31034,3603
31035,3603
31037,3603
31038,3603
31051,3605
31081,3608
31091,3609
31098,3609
31111,3611
31113,3611
31121,3612
31128,3612
31130,3612
31131,3613
31134,3613
31138,3613
31191,3619
31193,3619
31194,3619
31198,3619
31200,3619
31221,3622
31224,3622
31226,3622
31231,3623
31234,3623
31331,3633
31334,3633
31336,3633
31338,3633
31341,3634
31344,3634
31345,3634
31346,3634
31350,3634
31479,3647
31491,3649
31541,3654
31544,3654
31548,3654
2012,3203
2013,2009
2022,1844
2025,1254
2039,3320
2040,3213
2042,3301
2079,3042
2080,3231
2123,1844
2130,3048
2136,3048
2155,3246
2166,3213
2169,1844
2170,3316
2173,1640
2179,1844
2190,1844
2193,3367
2194,1844
2197,1844
2198,1544
2202,1844
2204,1844
2205,1844
2206,1844
2207,3367
2211,3252
2212,3089
2213,3252
2214,3252
2217,3252
2219,3252
2220,3094
2225,1277
2228,1808
2233,1818
2235,3365
2237,3094
2249,3262
2257,1254
2258,3365
2261,3094
2263,3247
2264,1912
2269,1818
2271,3367
2277,3214
2284,3049
2289,3049
2304,3259
2313,3281
2315,3365
2316,3214
2317,3214
2319,1912
2324,1277
2325,3365
2331,3247
2332,3374
2343,3281
2344,2074
2348,3270
2353,3346
2355,2455
2368,3532
2371,3278
2377,3973
2378,3313
2380,3375
2382,2455
2389,3619
2391,3603
2393,3619
2402,3288
2421,3533
2422,3533
2426,3533
2437,3247
2438,3704
2447,3048
2452,1818
2453,3707
2454,3603
2455,3515
2466,3278
2486,3247
2501,3247
2487,3247
2484,3230
2508,3533
2477,3042
2490,3655
2535,3533
2547,3240
2548,3533
2549,3697
2552,3533
2553,3533
2554,3533
2556,3533
2560,2023
2563,3533
2568,3247
2573,3240
2574,3240
2575,3240
2576,3595
2579,3698
2587,3597
2589,3282
2595,3597
2598,3463
2613,3049
2614,1174
2615,3597
2617,1533
2634,3049
2635,3382
2639,3732
2642,3382
2650,3597
2655,3597
2658,3973
2659,3732
2660,3732
2686,3597
2689,3281
2691,3533
2692,3533
2713,3178
2721,3595
2727,3989
2740,3989
2745,3994
2747,3989
2752,3999
2754,3989
2756,1151
2760,3994
2763,3989
2766,3994
2767,3532
2772,3989
2773,1151
2776,3999
2783,3989
2785,3751
2786,3619
2793,3532
2795,3751
2796,3751
2801,3994
2805,3532
2806,3707
2815,3653
2824,3313
2825,3653
2828,4010
2829,3219
2831,3751
2832,3751
2846,3532
2856,3377
2859,3532
2860,3532
2866,2023
2877,3532
2882,3532
2883,3532
827,1296
30321,3532
30323,3532
30324,3532
30325,3232
30326,3532
30328,3532
30329,3532
30330,3532
30941,3594
30944,3594
30951,3595
30953,3595
30594,3595
30955,3595
30956,3595
30958,3595
30971,3597
30973,3597
30974,3597
30975,3597
30976,3597
30978,3597
30980,3597
31241,3624
31243,3624
31244,3624
31333,3633
31340,3633
31368,3636
31371,3637
31391,3639
31394,3639
31398,3639
31493,3649
31531,3653
31533,3653
31534,3653
31538,3653
31540,3653
31551,3655
31554,3655
31591,3659
31594,3659
31641,3664
31644,3664
31645,3664
31647,3664
31648,3664
31691,3669
31694,3669
31695,3669
31698,3669
31741,3674
31744,3674
31745,3674
31747,3674
31748,3674
31781,3678
31783,3678
31784,3678
31786,3678
31791,3679
31793,3679
31794,3679
31800,3679
31831,3683
31838,3683
31839,3683
31841,3684
31844,3684
31848,3684
31861,3686
31868,3686
31881,3688
31888,3688
31981,3698
31984,3698
31985,3698
31986,3698
31988,3698
32011,3701
32014,3701
32015,3701
32051,3705
32053,3705
32055,3705
32071,3707
32073,3707
32074,3707
32078,3707
32080,3707
32091,3709
32093,3709
32094,3709
32096,3709
32097,3709
32098,3709
32321,3732
32324,3732
32325,3732
32326,3732
32328,3732
32329,3732
32511,3751
32513,3751
32514,3751
32515,3751
32516,3751
32518,3751
33001,3800
33471,3847
33474,3847
33478,3847
34011,3901
34051,3905
34054,3905
34058,3905
34081,3908
34088,3908
34461,3946
34464,3946
34468,3946
34651,3965
34658,3965
34731,3973
34738,3973
34791,3979
34794,3979
34798,3979
34799,3979
34891,3989
34894,3989
34895,3989
34898,3989
34901,3990
34904,3990
34908,3990
34941,3994
34944,3994
34945,3994
34946,3994
34948,3994
34949,3994
34950,3994
34991,3999
34993,3999
34998,3999
35101,4010
35104,4010
35108,4010
35151,4015
35157,4015
35711,4071
35715,4071
35720,4071
35851,4085
35861,4086
35864,4086
35868,4086
35951,4095
35959,4095
36011,4101
36013,4101
36014,4101
36018,4101
36171,4117
36179,4117
2924,3375
2928,3178
2942,3680
2949,4101
2952,3392
2953,3049
2957,4151
2959,3392
2961,3601
2926,3678
2958,3221
2964,3812
2965,4111
2967,3396
2974,3049
2975,4152
2977,4085
2980,3392
2983,3049
2984,3049
2985,4150
2995,3313
2998,3396
2999,4170
3001,4169
3002,4111
3005,3392
3006,3396
3008,3396
3011,4130
3017,3313
3018,3313
3021,4563
3022,1844
3024,4560
3025,3396
3029,4179
3031,4179
3037,4188
3040,1844
3042,4153
3044,1844
3048,3396
3049,1844
3050,4560
3055,1844
3068,3396
3069,1844
3075,4225
3076,1844
3077,3396
3079,4225
3082,4354
3083,1746
3084,2083
3085,3396
3086,4152
3094,4152
3095,4152
3096,4152
3098,4578
3110,4589
3112,4152
3113,4152
3131,3396
3133,1150
3140,1160
3142,1151
3145,4560
3154,4152
3155,4152
3156,1844
3164,4152
3165,3396
3167,3396
3169,4152
3170,4385
3173,4152
3175,4818
3177,4152
3179,4386
3219,1163
3220,1163
3229,1161
3230,3230
3253,1163
3256,4170
3260,4170
3264,4637
36501,4150
36505,4150
36508,4150
36511,4151
5154,1015
5188,1018
5241,1024
5245,1024
5248,1024
6504,1150
6525,1152
6578,1157
6581,1158
6588,1158
6601,1160
6604,1160
6608,1160
6621,1162
6631,1163
6634,1163
6638,1163
6641,1164
6643,1164
6644,1164
6648,1164
10831,1583
10834,1583
10838,1583
12151,1715
12154,1715
12461,1746
12464,1746
12468,1746
12469,1746
13461,1846
13464,1846
13468,1846
15041,2004
15044,2004
15221,2022
15224,2022
15228,2022
15235,2023
15237,2023
15238,2023
15831,2083
15838,2083
16241,2124
16244,2124
16251,2125
16254,2125
16258,2125
26781,3178
26783,3178
26784,3178
26785,3178
26788,3178
27214,3221
27217,3221
27218,3221
27601,3260
27608,3260
27631,3263
27634,3263
27821,3282
27828,3282
28135,3313
28698,3369
28700,3369
28754,3375
28755,3375
28758,3375
28791,3379
28794,3379
28901,3390
28904,3390
28906,3390
28908,3390
28963,3396
28965,3396
28967,3396
28970,3396
31611,3661
31614,3661
31788,3678
31790,3678
31801,3680
31804,3680
31808,3680
36513,4151
36514,4151
36515,4151
36518,4151
36521,4152
36523,4152
36524,4152
36525,4152
36526,4152
36528,4152
36531,4153
36534,4153
36538,4153
36671,4167
36674,4167
36678,4167
36691,4169
36694,4169
36701,4170
36704,4170
36705,4170
36706,4170
36708,4170
36709,4170
36710,4170
36741,4174
36745,4174
36748,4174
36791,4179
36793,4179
36794,4179
36798,4179
36800,4179
36841,4184
36861,4186
36863,4186
36864,4186
36868,4186
36881,4188
36884,4188
36885,4188
36888,4188
36890,4188
36891,4189
36911,4191
36914,4191
36918,4191
36971,4197
36973,4197
36981,4198
37111,4211
37116,4211
37151,4215
3288,4081
3292,4386
3295,3033
3297,3396
3309,5401
3320,3320
3338,4081
3340,5401
3343,4772
3361,4772
3363,3313
3365,4772
3379,5422
3381,3385
3382,4087
3384,4409
3385,4170
3393,4854
3397,4096
3409,5412
3418,5412
3439,4424
3449,5412
3457,3257
3482,5825
3484,4170
3485,3619
3486,4646
3493,5825
3495,3619
3496,5307
3499,1845
3500,3619
3502,5307
3506,5305
3512,5427
3513,5305
3515,5415
3521,5275
3524,5305
3528,5332
3541,5339
3543,3313
3554,5335
3581,5360
3593,5340
3601,5340
3602,5525
3616,5339
3628,5427
3635,5427
3648,5340
3653,5332
3655,5427
3667,5392
3670,5383
3679,5519
3682,5383
3691,5395
3696,5427
3697,5427
3717,3646
3729,3925
3740,3033
3758,3925
3764,5770
3766,5770
3777,3925
3778,5770
3779,5467
3783,5479
3790,5770
3793,5770
3795,6060
3796,5770
3812,5804
3815,3033
3817,3902
3827,3033
3829,3033
3831,4847
3836,4847
3843,5795
3854,6083
3855,4420
3875,6454
3879,6093
3880,6093
3883,6103
3890,6461
3908,6084
3913,3646
3919,6454
3922,6093
3925,6454
3928,6454
3932,6093
3933,3646
3939,5933
3946,6454
3948,6084
3953,6084
3962,6135
3963,3646
3964,6454
3967,6148
3968,5556
3969,5556
3975,3033
3976,4848
3978,6558
3981,6573
3985,6573
3999,6467
4003,5446
4017,3646
4018,4454
4019,6027
36301,4130
36308,4130
37431,4243
37438,4243
3129,4758
2963,3049
2990,3396
38541,4354
38544,4354
38851,4385
38854,4385
38861,4386
38864,4386
38868,4386
38870,4386
39091,4409
39521,4452
39528,4452
39531,4453
39541,4454
39544,4454
39545,4454
39546,4454
39548,4454
39811,4481
39818,4481
39941,4494
39944,4494
40511,4551
40521,4552
40524,4552
40525,4552
40528,4552
40561,4556
40565,4556
40571,4557
40591,4559
40598,4559
40601,4560
40604,4560
40605,4560
40608,4560
40611,4561
40614,4561
40615,4561
40631,4563
40634,4563
40641,4564
40644,4564
40671,4567
40674,4567
40678,4567
40761,4576
40764,4576
40768,4576
40771,4577
40774,4577
40781,4578
40784,4578
40788,4578
40791,4579
40798,4579
40831,4583
40838,4583
40844,4584
40841,4584
40848,4584
40850,4584
40881,4588
40885,4588
40886,4588
40888,4588
40891,4589
40921,4592
40924,4592
40927,4592
40928,4592
40938,4593
40941,4594
40944,4594
40948,4594
40950,4594
40981,4598
40985,4598
40991,4599
40994,4599
41011,4601
41017,4601
41021,4602
41054,4605
41061,4606
41068,4606
41121,4612
41124,4612
41128,4612
41131,4613
41138,4613
41161,4616
41168,4616
44201,4620
44204,4620
44205,4620
41371,4637
41378,4637
41461,4646
41468,4646
41561,4656
41571,4657
41721,4672
41724,4672
41728,4672
41731,4673
41791,4679
41798,4679
41821,4682
41824,4682
42251,4725
42254,4725
42255,4725
42258,4725
42581,4758
42583,4758
42584,4758
42585,4758
42588,4758
42711,4771
42714,4771
42721,4772
42728,4772
42741,4774
42744,4774
42748,4774
42749,4774
42781,4778
42811,4781
42814,4781
42818,4781
43061,4806
43065,4806
43068,4806
43111,4811
43114,4811
43118,4811
43120,4811
43181,4818
43188,4818
43211,4821
43581,4858
43701,4870
43705,4870
32041,3704
32044,3704
32048,3704
33021,3802
33023,3802
33024,3802
33025,3802
33041,3804
33043,3804
33044,3804
33045,3804
33048,3804
33121,3812
33123,3812
33124,3812
33126,3812
33128,3812
33475,3847
34734,3973
35015,4001
35154,4015
35794,4079
35991,4099
35998,4099
36111,4111
36113,4111
36114,4111
36115,4111
36116,4111
36118,4111
36121,4112
36123,4112
36124,4112
36125,4112
36128,4112
36178,4117
36211,4121
36214,4121
36231,4123
36234,4123
36238,4123
36281,4128
36284,4128
36288,4128
36290,4128
36303,4130
36305,4130
36310,4130
37221,4222
37224,4222
37228,4222
37251,4225
37254,4225
37255,4225
37258,4225
28969,3396
39098,4409
15834,2083
15837,2083
27578,3257
27844,3284
27848,3284
27974,3297
27978,3297
28854,3385
28855,3385
28858,3385
28859,3385
31015,3601
31195,3619
31197,3619
31595,3659
31598,3659
32007,3700
32008,3700
35078,4007
35807,4080
35808,4080
35814,4081
35815,4081
36703,4170
37128,4212
39008,4400
39010,4400
39094,4409
39099,4409
39100,4409
39238,4423
39244,4424
39248,4424
39308,4430
39441,4444
39451,4445
39458,4445
40811,4581
40818,4581
40971,4597
40975,4597
40980,4597
41361,4636
41364,4636
41368,4636
41464,4646
41491,4649
41497,4649
41499,4649
41568,4656
41564,4656
41794,4679
42371,4737
42723,4772
42724,4772
42726,4772
42730,4772
43541,4854
43545,4854
43548,4854
47314,2004
47658,5265
47751,5275
47754,5275
47755,5275
47758,5275
47760,5275
47981,5298
48051,5305
48054,5305
48055,5305
48058,5305
48059,5305
48060,5305
48071,5307
48074,5307
48075,5307
48131,5313
48134,5313
48135,5313
48138,5313
48140,5313
48321,5332
48325,5332
48328,5332
48329,5332
48351,5335
48354,5335
48355,5335
48357,5335
48358,5335
48360,5335
48401,5340
48404,5340
48408,5340
48409,5340
48601,5360
48604,5360
48605,5360
48608,5360
49011,5401
49013,5401
49014,5401
49015,5401
49018,5401
49020,5401
49121,5412
49124,5412
49125,5412
49130,5412
49151,5415
49154,5415
49158,5415
49211,5421
49231,5423
49234,5423
49235,5423
49271,5427
49274,5427
49278,5427
49281,5428
49284,5428
49288,5428
49290,5428
49321,5432
49421,5442
49424,5442
49428,5442
49611,5461
49618,5461
49851,5485
49854,5485
49858,5485
49861,5486
49868,5486
50161,5516
50199,5519
50258,5525
50301,5530
50304,5530
50511,5551
50631,5563
4023,3646
4027,5926
4028,3646
4031,3646
4036,3646
4039,4454
4041,5858
4043,4459
4044,4454
4045,5585
4046,4454
4053,4454
4054,6623
4057,3646
4058,5770
4060,5770
4061,5770
4062,3263
4064,4454
4065,1846
4069,4454
4071,4152
4077,6637
4082,3263
4085,4454
4086,4454
4089,3263
4094,5445
4095,6519
4096,3902
53041,5804
53048,5804
53181,5818
53183,5818
53251,5825
53421,5842
53431,5843
53461,5846
53468,5846
53581,5858
53583,5858
53584,5858
53585,5858
53587,5858
53588,5858
53589,5858
53590,5858
43619,5861
53701,5870
53703,5870
53704,5870
53705,5870
53708,5870
53709,5870
53710,5870
53721,5872
53723,5872
53724,5872
53725,5872
53728,5872
53729,5872
53730,5872
53808,5880
53809,5880
53891,5889
53895,5889
53898,5889
54161,5916
54181,5918
54184,5918
54185,5918
54188,5918
54331,5933
54334,5933
54338,5933
54339,5933
54551,5955
54554,5955
55281,6028
55284,6028
55285,6028
55308,6030
50851,5585
50854,5585
50855,5585
50858,5585
50861,5586
50864,5586
50865,5586
50868,5586
50894,5589
50898,5589
50899,5589
52681,5768
52688,5768
52701,5770
52704,5770
52705,5770
52708,5770
52709,5770
52771,5777
52774,5777
52778,5777
52841,5784
52848,5784
52851,5785
52855,5785
52861,5786
52864,5786
52868,5786
52951,5795
52958,5795
52959,5795
52974,5797
52978,5797
52979,5797
55511,6051
55561,6056
55563,6056
55564,6056
55568,6056
55604,6060
55611,6061
55614,6061
55624,6062
55628,6062
55629,6062
55631,6063
55638,6063
55741,6074
55748,6074
55771,6077
55778,6077
55831,6083
55838,6083
55839,6083
55841,6084
55846,6084
55848,6084
55851,6085
55911,6091
55921,6092
55931,6093
55934,6093
55935,6093
55938,6093
55981,6098
56091,6109
56098,6109
56171,6117
56178,6117
56271,6127
56278,6127
56301,6130
56304,6130
56308,6130
56311,6131
56318,6131
56319,6131
56351,6135
56354,6135
56355,6135
56358,6135
56461,6146
56464,6146
56491,6149
56481,6148
56483,6148
56484,6148
56489,6148
56493,6149
56494,6149
56498,6149
56499,6149
59541,6454
59544,6454
59548,6454
59611,6461
59615,6461
59616,6461
59621,6462
59624,6462
59628,6462
59671,6467
59674,6467
59675,6467
59678,6467
59679,6467
59741,6474
59744,6474
59748,6474
59761,6476
59764,6476
59768,6476
59831,6483
59839,6483
59881,6488
59884,6488
59888,6488
59951,6495
59954,6495
59958,6495
59961,6496
59964,6496
59965,6496
60071,6507
60074,6507
60078,6507
60091,6509
60098,6509
60151,6515
60154,6515
60158,6515
60191,6519
60194,6519
60195,6519
60198,6519
60201,6520
60208,6520
60588,6558
60601,6560
60758,6575
60851,6585
60901,6590
60908,6590
60931,6593
60933,6593
60934,6593
60938,6593
60939,6593
60940,6593
60941,6594
60948,6594
60951,6595
60954,6595
60958,6595
60961,6596
60964,6596
60968,6596
60969,6596
60970,6596
61061,6606
61064,6606
61071,6607
61074,6607
61184,6618
61189,6618
61234,6623
61238,6623
61239,6623
61371,6637
61373,6637
61374,6637
61378,6637
61379,6637
61451,6645
61454,6645
61458,6645
53611,5861
53618,5861
53619,5861
4108,3669
3654,5411
3748,5804
3799,5392
3467,4646
3848,6084
3483,4441
3874,4605
3889,6461
3958,4504
3987,4848
4093,4001
49111,5411
49471,5447
49474,5447
49475,5447
49478,5447
49480,5447
49654,5465
49691,5469
49791,5479
49798,5479
49864,5486
49971,5497
49974,5497
49991,5499
49994,5499
49998,5499
50561,5556
50564,5556
50568,5556
12178,1717
12328,1732
14754,1975
25338,3033
27604,3260
27610,3260
27635,3263
27638,3263
31311,3631
31313,3631
31314,3631
31315,3631
31318,3631
31461,3646
31464,3646
31465,3646
31468,3646
31610,3661
31618,3661
31619,3661
31651,3665
32045,3704
34021,3902
34028,3902
34029,3902
34251,3925
34254,3925
34257,3925
35011,4001
39191,4419
39201,4420
39204,4420
39208,4420
39411,4441
39418,4441
39549,4454
39550,4454
39591,4459
39593,4459
39594,4459
39595,4459
39598,4459
40041,4504
40048,4504
40541,4554
40884,4588
41351,4635
41358,4635
43191,4819
43194,4819
43195,4819
43198,4819
43471,4847
43474,4847
43478,4847
43481,4848
43488,4848
34618,3961
40548,4554
40544,4554
40545,4554
40546,4554
40550,4554
34481,3948
34488,3948
41211,4621
41214,4621
41218,4621
6611,1161
6617,1161
6618,1161
4164,3611
4144,5880
4148,5880
4154,5880
4158,5880
4176,3629
4177,5880
4180,3629
4183,3629
4234,5411
4271,6586
4280,6586
4315,6498
4322,6586
4348,4360
4357,6474
4377,6498
4419,6075
4482,6075
4499,6498
4516,6474
6512,1151
34027,3902
4565,4170
12181,1718
12188,1718
12191,1719
12198,1719
28974,3397
31114,3611
31115,3611
31120,3611
31137,3613
31291,3629
31294,3629
39194,4419
39198,4419
41451,4645
41455,4645
48921,5392
48928,5392
49115,5411
49118,5411
49863,5486
49870,5486
53801,5880
53804,5880
53806,5880
53810,5880
55751,6075
55754,6075
55758,6075
55811,6081
55813,6081
55814,6081
55818,6081
55820,6081
59531,6453
59534,6453
59631,6463
59749,6474
59981,6498
59984,6498
59985,6498
59988,6498
60011,6501
60014,6501
60018,6501
60020,6501
60081,6508
60084,6508
60086,6508
60088,6508
60111,6511
60114,6511
60115,6511
60118,6511
60461,6546
60681,6568
60684,6568
60688,6568
60861,6586
60864,6586
60868,6586
60981,6598
60988,6598
61021,6602
61028,6602
61161,6616
61168,6616
61169,6616
61281,6628
61284,6628
61288,6628
9886,1488
25426,3042
33476,3847
28132,3313
31112,3611
39192,4419
41462,4646
