"ID","CON1","CON2"
1,1017,1015
2,1016,1015
3,1576,1015
4,1615,1015
5,1000,1016
6,1020,1016
7,1019,1016
8,1386,1016
9,1719,1721
10,1615,1016
11,1203,1016
12,1095,1018
13,1016,1018
14,1729,1018
15,1396,1021
16,1024,1022
17,1008,1024
18,3307,3307
19,3606,3313
20,1000,1047
21,1640,3310
22,1000,1125
23,1091,1125
24,1090,1125
25,1320,1125
26,1729,1125
27,1238,1126
28,1125,1126
29,1000,1129
30,1095,1129
31,1784,1129
32,1864,1129
33,1930,1129
34,1936,1129
35,3656,3604
36,2148,1129
37,2184,1129
38,4008,2455
39,1922,1141
40,1246,1150
41,1558,1857
42,1161,1161
43,1914,1161
44,1091,1164
45,1680,1164
46,1069,1165
47,1438,1165
48,1576,1168
49,1100,1168
50,1101,1168
51,1615,1168
52,1295,1173
53,1014,1173
54,1384,1187
55,1700,1187
56,1241,1188
57,1393,1188
58,1809,1188
59,1243,1241
60,1300,1254
61,1404,1254
62,1559,1254
63,1739,1254
64,1254,1640
65,2234,1254
66,1293,1254
67,1000,1296
68,1017,1302
69,1137,1302
70,1288,1343
71,1382,1021
72,1296,1351
73,1392,1362
74,1844,4362
75,1264,3315
76,3317,1376
77,1351,1392
78,1378,1395
79,1016,1395
80,1688,1396
81,1410,1397
82,3300,3386
83,1254,1405
84,1000,1410
85,1042,1410
86,1410,1444
87,1000,1447
88,1447,1448
89,1410,1457
90,1362,1465
91,1112,1472
92,1373,3316
93,1116,1472
94,3386,3635
95,1476,1486
96,1124,1488
97,3635,3313
98,3300,3653
99,1461,1517
100,1461,1518
101,1517,1524
102,1461,1525
103,1518,1526
104,1528,1527
105,1529,1527
106,1530,1527
107,1762,1527
108,1802,1527
109,1811,1527
110,1813,1527
111,2027,1527
112,3374,3375
113,2022,3284
114,1985,1527
115,1472,1277
116,1875,1527
117,2044,1527
118,1090,1530
119,1095,1531
120,4006,4007
121,1729,1533
122,1438,1533
123,1081,1533
124,1913,1533
125,1535,1900
126,1541,1540
127,1015,1542
128,1533,1542
129,1018,1542
130,1016,1542
131,1126,1542
132,1527,1542
133,1533,1543
134,1123,1544
135,1124,1544
136,1457,1544
137,1466,1544
138,1629,1544
139,1295,1552
140,1034,1553
141,1438,1553
142,1558,1160
143,1546,1561
144,1543,1563
145,1015,1564
146,1564,1565
147,1461,1580
148,1461,1582
149,1577,1582
150,1019,1583
151,1580,1584
152,3300,3307
153,3307,3313
154,3300,3311
155,3311,3312
156,3204,3218
157,3300,3304
158,3306,3313
159,3304,3306
160,3211,3216
161,3206,4524
162,1303,3301
163,3301,1326
164,3300,3303
165,3303,3322
166,3300,3305
167,3305,3331
168,3308,3320
169,3300,3309
170,3310,3302
171,3312,3313
172,3315,3346
173,3315,3347
174,3300,3316
175,3316,3325
176,3300,3318
177,3633,3994
178,3320,3321
179,3321,1818
180,3322,3332
181,3331,3313
182,3332,3313
183,3325,3343
184,3346,3652
185,3347,3349
186,2846,1472
187,1577,1589
188,1582,1589
189,1606,1605
190,1617,1605
191,1615,1605
192,1165,3033
193,4588,3033
194,1609,1607
195,1608,1617
196,1616,1608
197,1607,1615
198,2095,2673
199,1016,1616
200,1615,1616
201,1016,1608
202,1016,1617
203,1654,1622
204,1498,1626
205,1622,1629
206,1633,1735
207,1766,1636
208,1410,1654
209,1461,1656
210,1228,1671
211,1680,1679
212,1438,1679
213,1164,1681
214,1527,1681
215,1618,1681
216,1680,1681
217,3999,4006
218,1395,1688
219,1679,1699
220,1545,1700
221,1552,1706
222,1707,1706
223,1666,1712
224,1295,1714
225,1714,1715
226,1003,1715
227,1722,1716
228,1717,1732
229,3683,1717
230,1732,6509
231,6509,1718
232,2527,1718
233,1719,1720
234,1718,1719
235,1715,1722
236,1720,1723
237,1721,1724
238,1173,3993
239,1715,1733
240,1735,1734
241,1254,3564
242,1639,1735
243,1695,1735
244,1725,1735
245,1705,1735
246,1730,1735
247,1806,1735
248,1896,1735
249,1895,1735
250,1872,1735
251,1668,1735
252,1737,1254
253,1472,1739
254,1014,1744
255,1474,1757
256,1636,1757
257,1254,1758
258,1761,1895
259,1767,1762
260,1000,1763
261,1007,1764
262,1763,1767
263,1700,1768
264,1869,1768
265,1488,1771
266,1771,1772
267,1000,1775
268,1091,1775
269,1091,1777
270,1775,1777
271,2056,1781
272,1095,1784
273,1790,1792
274,1792,1784
275,1626,1788
276,3385,3646
277,1090,1790
278,1095,1792
279,1000,1790
280,1788,1796
281,1798,1797
282,1753,1798
283,1448,1800
284,3646,3608
285,1527,1527
286,1800,1802
287,1761,1807
288,1761,1806
289,1764,1808
290,1336,1809
291,1000,1810
292,1810,1811
293,1000,1812
294,1812,1813
295,1465,1816
296,1757,1818
297,1095,1820
298,1531,1820
299,1808,1832
300,1761,1791
301,1254,3562
302,1011,1844
303,1275,1844
304,1844,3376
305,1011,1845
306,1011,1846
307,1845,4374
308,1846,1847
309,1847,1848
310,1011,1848
311,1847,1849
312,1011,1849
313,1848,1850
314,1849,4362
315,1850,1851
316,1832,1857
317,1000,1863
318,1095,1863
319,1095,1864
320,1863,1864
321,1762,1872
322,1000,1874
323,1095,1874
324,1095,1875
325,1874,1875
326,1086,1878
327,1878,1879
328,1095,1879
329,1915,1880
330,1000,1883
331,1917,1884
332,1889,1890
333,1928,1890
334,1884,1891
335,1126,1893
336,3396,4469
337,1500,1761
338,1069,1900
339,1535,1530
340,1831,1900
341,1890,1900
342,2127,1900
343,1020,1905
344,1386,1905
345,1021,1905
346,1016,1905
347,1019,1905
348,1915,1907
349,1680,1911
350,1907,1911
351,1091,1912
352,1892,1912
353,1894,1912
354,1913,1912
355,1893,1913
356,1777,1915
357,1941,1915
358,1531,1917
359,1095,1917
360,1170,1922
361,1883,1923
362,1038,1926
363,1091,1926
364,1915,1926
365,1883,1930
366,1923,1930
367,1000,1934
368,1038,1934
369,1091,1934
370,1914,1946
371,1946,1947
372,1948,1949
373,1914,1948
374,1671,1952
375,1593,1952
376,1593,1954
377,1671,1954
378,1960,1960
379,1593,1960
380,1666,1960
381,1129,1961
382,1095,1961
383,2192,1961
384,2218,1961
385,1069,1961
386,1095,1967
387,1975,1967
388,1168,1970
389,1095,1973
390,1976,1973
391,1000,1975
392,1095,1975
393,1000,1976
394,1095,1976
395,1954,1986
396,1129,1988
397,1756,1989
398,1182,1989
399,1589,1990
400,1000,1991
401,1091,1991
402,1038,1991
403,1934,1991
404,1952,1997
405,2042,2001
406,1084,2001
407,1788,2004
408,1386,2006
409,1016,2006
410,1463,2009
411,1000,2014
412,1989,2016
413,1038,2018
414,1091,2018
415,1991,2018
416,1986,2019
417,1796,2022
418,1809,2023
419,2009,2025
420,1571,2025
421,2014,2027
422,6461,1720
423,1021,2029
424,2001,2035
425,2019,2035
426,2028,2035
427,1014,2035
428,1084,2035
429,1095,2036
430,3283,1527
431,1891,2036
432,2140,2036
433,2145,2036
434,1593,2042
435,2051,2052
436,2082,2056
437,2042,2063
438,2042,2064
439,1757,2068
440,2005,2069
441,1997,2073
442,2035,2073
443,1014,2073
444,3219,2076
445,2063,2074
446,3300,2064
447,2076,2074
448,2064,2076
449,5030,5027
450,2043,2081
451,2094,2082
452,2188,2082
453,2188,2094
454,1014,2095
455,2287,2095
456,2096,2190
457,1152,2124
458,3382,1158
459,2128,2127
460,2069,2128
461,1000,2138
462,2138,2140
463,1000,2143
464,1095,2143
465,1926,2145
466,2143,2146
467,1095,2146
468,1000,2147
469,1095,2147
470,2147,2148
471,1095,2148
472,2018,2165
473,2165,2179
474,1000,2183
475,2183,2184
476,1914,2188
477,1914,2189
478,2189,2096
479,1781,2190
480,1129,2192
481,2215,2218
482,1000,2232
483,1014,2232
484,1091,2232
485,1014,2233
486,1000,2233
487,1019,2233
488,1320,2245
489,2253,2245
490,2260,2245
491,2268,2245
492,2233,2249
493,2250,2252
494,2252,2253
495,2233,2266
496,1014,2266
497,2266,2268
498,1014,2268
499,2232,2284
500,2190,2287
501,1014,2287
502,1905,2299
503,1375,2340
504,2949,2340
505,2335,2340
506,1118,2340
507,2543,2340
508,2725,2340
509,1702,2340
510,1685,2340
511,3653,3313
512,3313,3604
513,3313,3382
514,3313,1254
515,3309,3604
516,3309,3385
517,3309,3382
518,3300,3367
519,3360,3604
520,3367,3604
521,3367,3385
522,3360,3385
523,3360,3382
524,3605,3608
525,3604,3605
526,3644,3643
527,3608,3644
528,3382,2022
529,3300,1743
530,3300,1161
531,3390,3379
532,2023,1157
533,1161,3378
534,1768,3384
535,2025,3384
536,3384,2023
537,3675,3987
538,3355,3623
539,3349,3623
540,3623,3655
541,3655,3671
542,3300,3383
543,3250,3698
544,2035,3230
545,3622,2455
546,3374,2455
547,3374,3649
548,3650,3375
549,3649,3650
550,3669,3346
551,3397,3389
552,3389,3345
553,3345,3375
554,3300,3324
555,3324,3607
556,3607,3602
557,4581,3700
558,3300,3388
559,3388,3615
560,2922,5027
561,3348,3375
562,3610,3346
563,3609,3610
564,3652,3348
565,1024,3399
566,3600,3365
567,3365,3392
568,1024,3616
569,3392,1818
570,3392,3641
571,3392,4391
572,3366,1845
573,1844,3366
574,3381,1845
575,3376,3381
576,1171,3308
577,1024,3308
578,1171,3603
579,1024,3603
580,2925,3396
581,3631,1150
582,1157,1150
583,3648,3377
584,3648,1150
585,3699,3377
586,3678,1158
587,3639,3637
588,3625,3377
589,3625,1150
590,1187,3625
591,3636,3641
592,3636,3601
593,3640,3636
594,3377,3640
595,1150,3638
596,1818,1150
597,3638,3641
598,3601,1150
599,1818,3612
600,3612,3614
601,3601,3619
602,3631,6085
603,3619,5502
604,2499,3206
605,2499,3204
606,1141,3289
607,1141,1141
608,2245,3286
609,3293,3294
610,3293,3705
611,3293,3256
612,3293,3287
613,1296,1295
614,3294,3708
615,3287,3298
616,3703,3261
617,3702,3703
618,3256,3702
619,1295,3236
620,2083,5492
621,3704,3972
622,3706,3704
623,3254,3704
624,3232,3297
625,3232,3247
626,1905,3247
627,3255,3297
628,3247,3297
629,1533,3297
630,5432,5462
631,3254,4581
632,3232,3700
633,1912,3299
634,1912,3269
635,1857,1161
636,3269,3299
637,3275,3278
638,3283,2036
639,1151,3629
640,3260,3262
641,2036,3260
642,2036,3273
643,3267,3263
644,3270,5474
645,3277,3279
646,3253,1544
647,3253,3259
648,3216,3259
649,3259,3701
650,3701,3709
651,3701,3707
652,3281,3295
653,3500,3533
654,3077,3533
655,3053,3521
656,3521,3532
657,3751,3532
658,2005,2127
659,1044,3028
660,3980,3042
661,3528,3049
662,3509,3071
663,3177,3178
664,3231,1544
665,3245,3232
666,3248,3245
667,2340,3326
668,3326,3327
669,3327,3328
670,3328,3334
671,3334,3329
672,3647,3634
673,3330,3336
674,3342,3313
675,3300,3350
676,3350,3351
677,3353,3355
678,3315,3353
679,3356,3365
680,3300,3360
681,3363,3365
682,3364,3365
683,1165,3370
684,3370,3326
685,4216,4202
686,4216,4205
687,3201,4095
688,2284,3213
689,1527,3203
690,3203,2036
691,3213,3202
692,1527,3214
693,3214,3222
694,2657,3221
695,3222,2036
696,1015,3242
697,3242,3246
698,3372,3374
699,3020,3028
700,3028,3042
701,5027,2664
702,3243,3244
703,3236,3238
704,3238,3239
705,3239,3240
706,3240,3241
707,3241,3243
708,1583,3248
709,3544,3049
710,6557,3646
711,3033,6073
712,3082,3067
713,3067,3037
714,3067,3088
715,3088,3089
716,3037,3089
717,3532,3804
718,1015,3509
719,3095,3096
720,3096,3098
721,3098,3099
722,3510,3095
723,3095,3511
724,3511,3512
725,3512,3096
726,2234,3373
727,3231,3259
728,3252,3253
729,3329,3330
730,3330,3335
731,3367,3382
732,3300,3369
733,3369,3313
734,3300,3368
735,3368,3313
736,1922,4010
737,1905,3232
738,1168,3248
739,3248,3254
740,1533,3255
741,1961,3277
742,1911,3268
743,3281,3290
744,3278,3283
745,1742,1745
746,3286,3291
747,3290,3295
748,3291,3296
749,1159,1743
750,3306,3307
751,3343,3344
752,3344,1277
753,2025,3351
754,3307,3624
755,3357,3365
756,3365,1844
757,1500,3383
758,3383,2001
759,1743,3390
760,4597,4581
761,3391,3393
762,3300,3395
763,3385,3608
764,3393,3609
765,3394,3622
766,3395,3397
767,3705,4010
768,3259,3276
769,1961,3264
770,3264,3265
771,4085,4567
772,3266,3284
773,1961,3267
774,3268,3275
775,3270,4634
776,3271,3255
777,3255,3254
778,2036,3272
779,2232,3203
780,1505,1472
781,3352,3365
782,2450,2453
783,2463,2454
784,2547,2454
785,2450,2455
786,2454,2456
787,2453,2460
788,2460,2462
789,2462,2463
790,2474,2464
791,2287,2470
792,1626,2471
793,1626,2472
794,2461,2473
795,2473,2474
796,2689,2480
797,4378,1850
798,2287,2496
799,1530,2530
800,1772,1535
801,2287,2657
802,2450,2664
803,2470,2666
804,2693,2668
805,2496,2668
806,2666,2668
807,2682,2668
808,2486,2669
809,2657,2673
810,2681,2675
811,2673,2681
812,2675,2682
813,2657,2683
814,2683,2687
815,2910,2690
816,2687,2693
817,1014,2693
818,2340,2849
819,2915,3219
820,3300,3654
821,1024,2906
822,2688,2907
823,2907,2910
824,1024,2917
825,2499,2925
826,1254,3565
827,1274,1296
828,3300,3301
829,1326,3313
830,3300,3624
831,3624,3313
832,3656,3385
833,3656,3382
834,3656,1254
835,3613,3656
836,3382,4126
837,4361,3925
838,3627,3604
839,3627,3385
840,3627,1254
841,3630,3629
842,3611,3608
843,3629,3611
844,3611,3613
845,3300,1152
846,3300,1151
847,1152,3627
848,1151,3628
849,1171,1152
850,1171,1151
851,3633,3633
852,3633,2340
853,1277,3317
854,3317,2340
855,1586,3647
856,4414,3601
857,3247,3257
858,3295,3292
859,4598,4649
860,3299,3288
861,6092,6117
862,3267,3946
863,3588,3594
864,3847,3901
865,3901,3908
866,3908,3904
867,3902,3903
868,3908,3902
869,3903,3905
870,3904,3905
871,3905,3828
872,3872,3847
873,3178,3847
874,3464,3178
875,4027,3178
876,1745,4010
877,2455,1161
878,1798,3705
879,1241,1768
880,1768,1140
881,3312,1664
882,2232,3683
883,5027,1844
884,3230,2043
885,1914,3287
886,3307,1326
887,1553,3979
888,3979,3980
889,2566,3532
890,3597,3791
891,3586,3597
892,3533,3584
893,3042,3595
894,3595,3751
895,3800,3732
896,3732,3751
897,3533,3800
898,3751,3812
899,3751,3756
900,3751,3802
901,3751,3804
902,3597,3532
903,3533,3735
904,1759,1640
905,3533,3805
906,3533,3809
907,3533,3727
908,2083,5461
909,4125,4379
910,4129,4125
911,3284,5755
912,2083,3248
913,4363,4385
914,4385,4384
915,4384,2083
916,4095,4096
917,1160,4360
918,1746,4356
919,1157,4361
920,1163,4364
921,1162,4364
922,2125,4364
923,2124,4364
924,2004,4355
925,1158,4373
926,2022,4124
927,4124,4129
928,4124,3284
929,4373,3398
930,4355,3398
931,3926,5520
932,3638,3925
933,4364,3926
934,3627,3925
935,3382,2004
936,1152,3628
937,3382,1152
938,1818,2124
939,1818,2125
940,1818,1162
941,1818,1163
942,1818,1157
943,3678,4354
944,4354,4127
945,4127,1150
946,4127,2124
947,4127,2125
948,4127,1162
949,4127,1163
950,4127,1157
951,4099,4359
952,3375,1746
953,3375,1160
954,3375,4099
955,3375,1161
956,3375,2124
957,3375,2125
958,3375,1162
959,3375,1163
960,3680,1746
961,3680,1160
962,3680,4099
963,3680,1161
964,1533,3924
965,3247,1015
966,3247,1533
967,3247,1018
968,3382,3398
969,2074,2455
970,4494,4481
971,1844,4376
972,2036,1164
973,3232,3704
974,1015,3972
975,1018,3972
976,3201,4085
977,3923,3961
978,3201,4001
979,4624,4085
980,3201,3923
981,2036,3201
982,4117,4381
983,6588,4117
984,4415,6093
985,4394,4400
986,4398,4400
987,4128,4398
988,4128,4394
989,4123,4128
990,4386,4128
991,4382,4386
992,4375,4382
993,4121,4375
994,3628,3627
995,4208,4792
996,4808,4208
997,4780,4791
998,4771,4780
999,4154,4171
1000,4152,4808
1001,4152,4771
1002,4769,4770
1003,4212,4213
1004,4211,4214
1005,4214,4222
1006,3532,4186
1007,4750,4248
1008,4868,4750
1009,4806,4170
1010,4164,4188
1011,4198,4783
1012,4210,4209
1013,4153,4230
1014,4772,4170
1015,4243,4170
1016,3594,4799
1017,3594,4163
1018,3819,4153
1019,3178,4164
1020,4789,4152
1021,4778,4789
1022,4778,4778
1023,4215,4152
1024,4196,4224
1025,4556,4573
1026,4201,4202
1027,4187,4189
1028,4189,4199
1029,4199,4200
1030,4200,4201
1031,4169,4177
1032,3817,4187
1033,3817,4169
1034,4191,4198
1035,4193,4198
1036,4150,4151
1037,4174,4150
1038,4221,4174
1039,3816,4151
1040,4820,5858
1041,4818,4819
1042,4821,4823
1043,4186,4772
1044,4188,4781
1045,4781,4758
1046,4152,4185
1047,4870,4818
1048,4811,4870
1049,4197,4152
1050,4179,4197
1051,4203,4206
1052,4202,4203
1053,4204,4205
1054,4152,4815
1055,4204,4207
1056,4222,4858
1057,4774,4790
1058,3819,4774
1059,4163,4170
1060,4225,4215
1061,3802,4225
1062,5752,5497
1063,4604,4847
1064,4151,4152
1065,4151,4154
1066,4161,4170
1067,4177,4152
1068,1254,1759
1069,1254,4716
1070,1254,4662
1071,1254,4655
1072,4725,4737
1073,4737,4704
1074,4679,4675
1075,4672,4677
1076,4682,4681
1077,4656,4715
1078,4673,4678
1079,4715,4658
1080,4657,4659
1081,4578,4587
1082,4564,4571
1083,4563,4570
1084,4681,4667
1085,4658,4667
1086,4678,4667
1087,4659,4667
1088,3313,4682
1089,3313,4656
1090,3313,4673
1091,3313,4657
1092,4101,3313
1093,1170,1832
1094,1170,1753
1095,4152,5249
1096,1975,4634
1097,4001,4634
1098,4095,4634
1099,4567,4634
1100,4561,4634
1101,3270,3280
1102,3277,4634
1103,4605,4634
1104,3036,1975
1105,3036,4001
1106,3659,5412
1107,3288,4576
1108,3257,3704
1109,4553,3257
1110,3297,3704
1111,4058,4079
1112,4079,4558
1113,4558,4569
1114,4569,4589
1115,4589,4581
1116,4589,4597
1117,4636,5421
1118,4559,4598
1119,4636,5407
1120,4582,4593
1121,3975,4597
1122,3965,3975
1123,4594,4637
1124,4572,4582
1125,4572,3965
1126,4579,4583
1127,5417,4636
1128,4623,4636
1129,4607,4636
1130,4556,4634
1131,4624,4553
1132,4624,3288
1133,4624,3946
1134,1914,3266
1135,3272,5797
1136,4635,5797
1137,4624,3977
1138,3920,3948
1139,3948,4624
1140,3686,4557
1141,4557,4577
1142,4577,4584
1143,4584,4611
1144,4611,4610
1145,4610,4594
1146,3920,4584
1147,4627,4624
1148,4628,4624
1149,4630,4624
1150,4606,4624
1151,4629,4624
1152,4076,4624
1153,4626,4624
1154,4631,4606
1155,4632,4606
1156,4111,5487
1157,4111,5458
1158,4111,5409
1159,4111,4665
1160,4560,4588
1161,4561,4555
1162,3049,4586
1163,3282,4565
1164,3281,4565
1165,3033,3082
1166,4573,4152
1167,3817,4152
1168,3685,3686
1169,3973,4552
1170,3973,4085
1171,3973,4551
1172,4111,4626
1173,4111,4585
1174,4111,4560
1175,1535,3989
1176,1535,4626
1177,1535,4076
1178,1535,4629
1179,4625,4076
1180,4567,4087
1181,4001,5472
1182,5761,5472
1183,3277,5473
1184,1975,5473
1185,4624,3270
1186,4561,5474
1187,4624,4596
1188,4561,5475
1189,5762,5476
1190,4771,5476
1191,5442,5481
1192,5425,5477
1193,4112,5425
1194,4637,5428
1195,5441,5752
1196,4605,4608
1197,5759,5478
1198,5760,5478
1199,4639,5478
1200,4646,4645
1201,3946,4646
1202,5445,6516
1203,5411,5411
1204,5445,5470
1205,5411,5401
1206,4576,3659
1207,5412,5423
1208,5423,5429
1209,4561,4600
1210,5401,5435
1211,3977,5493
1212,5493,5485
1213,4645,5799
1214,4645,5778
1215,5429,5445
1216,5478,3977
1217,4645,5470
1218,5429,5411
1219,5408,5445
1220,5478,5470
1221,4847,5496
1222,5496,5403
1223,5494,5495
1224,5476,4847
1225,5476,5467
1226,5476,5494
1227,5464,4585
1228,5498,5405
1229,5768,5469
1230,5468,5784
1231,4087,4847
1232,4087,4554
1233,4087,5494
1234,4087,5464
1235,4087,5498
1236,4087,5768
1237,5428,5768
1238,5472,4847
1239,5472,5467
1240,5472,5494
1241,5472,5464
1242,5472,5498
1243,5472,5768
1244,5768,6496
1245,5473,4847
1246,5473,5467
1247,5473,5494
1248,5473,5464
1249,5473,5498
1250,5478,5468
1251,5473,5468
1252,5474,4847
1253,5474,5467
1254,5474,5494
1255,5474,5464
1256,5474,5498
1257,5474,5768
1258,5474,5499
1259,5475,4847
1260,5475,5446
1261,5475,5494
1262,5475,5464
1263,5475,5498
1264,5475,5768
1265,5475,5499
1266,5476,5464
1267,5476,5498
1268,5476,5768
1269,5476,5499
1270,5477,4847
1271,5477,5467
1272,5477,5494
1273,5477,5464
1274,5477,5498
1275,5477,5768
1276,5477,5499
1277,4608,4847
1278,4608,5447
1279,4608,5494
1280,4608,5464
1281,4608,5498
1282,4608,5768
1283,5430,5499
1284,5478,4847
1285,5478,5467
1286,5478,5494
1287,5478,5464
1288,5478,5498
1289,5486,6513
1290,6513,6483
1291,3396,4461
1292,4624,4001
1293,4624,5761
1294,4624,3277
1295,4624,1975
1296,3267,3270
1297,4624,4561
1298,4624,5762
1299,4624,4771
1300,4624,5442
1301,4624,4808
1302,4624,4637
1303,4624,5441
1304,4624,4605
1305,4624,5759
1306,4624,5760
1307,4624,4639
1308,5479,5479
1309,3704,5479
1310,5462,4553
1311,4125,5462
1312,5492,4125
1313,5461,4125
1314,5755,5462
1315,5453,5462
1316,5754,5492
1317,5754,5461
1318,5754,5755
1319,5754,5453
1320,3700,5415
1321,5415,5754
1322,5421,5420
1323,4598,4636
1324,4597,4636
1325,5422,5486
1326,5407,5422
1327,4593,4636
1328,4649,5417
1329,4583,4636
1330,6060,3033
1331,1961,5458
1332,2036,5458
1333,4111,4554
1334,4152,5458
1335,1961,5487
1336,2036,5487
1337,4552,4111
1338,4152,5487
1339,1961,5757
1340,2036,5757
1341,4590,4588
1342,4152,5757
1343,1961,5409
1344,2036,5409
1345,4551,4111
1346,4152,5409
1347,1961,4665
1348,2036,4665
1349,4085,4111
1350,4152,4665
1351,4847,4848
1352,6546,4848
1353,5476,6546
1354,5476,5497
1355,5476,5443
1356,5476,5444
1357,5467,5779
1358,6495,6498
1359,6467,6495
1360,5447,6454
1361,5446,5447
1362,5475,5471
1363,4554,6467
1364,5471,4554
1365,3961,6462
1366,6462,6508
1367,3684,5771
1368,5771,5786
1369,5465,6497
1370,6497,6511
1371,5464,5465
1372,5464,3684
1373,3280,3684
1374,4555,5464
1375,4170,5335
1376,4096,6496
1377,3279,3684
1378,5335,5376
1379,4562,3961
1380,4096,3961
1381,3594,5335
1382,1967,3961
1383,4600,5471
1384,4152,5307
1385,3594,4170
1386,4604,5446
1387,5430,5467
1388,4208,5467
1389,3661,6474
1390,6474,6512
1391,3977,6507
1392,6507,3661
1393,6516,3661
1394,5770,6519
1395,6519,6473
1396,4624,5770
1397,4640,5799
1398,4640,5797
1399,4635,5799
1400,3272,5799
1401,5797,3260
1402,5799,3263
1403,3263,6520
1404,5769,5469
1405,5469,5777
1406,5411,5411
1407,5777,5420
1408,1715,3683
1409,1717,1718
1410,5411,5411
1411,5499,5795
1412,5499,6457
1413,6501,6453
1414,6453,1720
1415,6457,6501
1416,5795,6453
1417,5784,6488
1418,6488,6515
1419,6480,6513
1420,4783,5443
1421,3646,6476
1422,6051,3033
1423,5785,3033
1424,4622,5785
1425,5585,6618
1426,5585,6640
1427,5585,6081
1428,6081,6572
1429,6618,6623
1430,6623,6647
1431,6640,6628
1432,6647,6628
1433,6572,6628
1434,4419,4408
1435,6628,4419
1436,6135,6571
1437,6571,6580
1438,6580,5585
1439,6568,6594
1440,6594,6595
1441,6595,6596
1442,6596,6584
1443,6584,6583
1444,6583,6135
1445,6568,6598
1446,6590,6601
1447,6601,6602
1448,6602,6135
1449,5589,6071
1450,6071,6064
1451,6064,6135
1452,6062,6065
1453,6065,5585
1454,6148,6586
1455,6586,6574
1456,6574,5585
1457,6606,5585
1458,6551,5585
1459,6620,5585
1460,6136,5585
1461,6138,5585
1462,6149,5585
1463,6604,6573
1464,6573,6606
1465,6146,6150
1466,6150,6551
1467,6616,6617
1468,6617,6620
1469,6137,6136
1470,6139,6138
1471,3927,6593
1472,6593,6581
1473,6581,6582
1474,6582,3925
1475,3925,5556
1476,5556,6604
1477,5556,6146
1478,5556,6616
1479,5556,6137
1480,5556,6139
1481,5556,6149
1482,5556,6148
1483,5556,6062
1484,5556,5589
1485,5556,6590
1486,5556,6568
1487,5520,5519
1488,5519,5582
1489,5582,4407
1490,4407,3927
1491,5530,5551
1492,5551,3927
1493,4409,4430
1494,4430,4438
1495,4438,4444
1496,4444,5530
1497,4430,4445
1498,4445,5530
1499,6109,4419
1500,6091,4419
1501,6075,6074
1502,6560,6075
1503,6132,6075
1504,6124,6075
1505,6098,6075
1506,6077,6075
1507,6063,6075
1508,4441,6124
1509,6084,6132
1510,4417,6061
1511,4081,4441
1512,4081,6084
1513,4081,6077
1514,4081,4417
1515,4081,6098
1516,4081,6063
1517,6569,4504
1518,4510,6585
1519,4504,4510
1520,4495,4504
1521,6061,6075
1522,6141,6142
1523,6142,6131
1524,6131,6558
1525,6558,6576
1526,6576,6587
1527,6558,6575
1528,6575,6597
1529,6597,6588
1530,6587,4117
1531,4130,4117
1532,5768,5499
1533,5929,5918
1534,4222,5916
1535,5916,5918
1536,5909,5918
1537,5849,5918
1538,5842,5918
1539,5831,5918
1540,5313,5819
1541,5819,5842
1542,5825,5918
1543,5824,5918
1544,5335,5980
1545,5335,5973
1546,5335,5975
1547,5335,6030
1548,5365,5843
1549,5843,5870
1550,5335,5843
1551,5846,5843
1552,4224,4209
1553,4215,4154
1554,5411,5411
1555,4151,4215
1556,5804,5850
1557,5392,5899
1558,6048,5880
1559,5955,5880
1560,5889,6048
1561,5861,5889
1562,5383,5805
1563,5933,5955
1564,5818,5880
1565,5340,5933
1566,5340,5889
1567,5340,6028
1568,5340,6027
1569,5872,6028
1570,5872,6027
1571,5872,5933
1572,5872,5889
1573,5340,5340
1574,5275,5872
1575,5275,5340
1576,3178,4188
1577,3178,4809
1578,5307,5321
1579,3594,5376
1580,5332,5371
1581,5305,5332
1582,5360,5313
1583,5265,5861
1584,5275,5383
1585,5275,5804
1586,5340,5383
1587,5265,5275
1588,3178,4854
1589,4790,5275
1590,5305,5392
1591,5305,5298
1592,4153,4774
1593,3398,4420
1594,6598,6628
1595,5481,5497
1596,4785,4847
1597,5497,5497
1598,5779,6495
1599,3532,4191
1600,3817,4215
1601,4770,4152
1602,3532,4212
1603,4819,4820
1604,3178,4184
1605,4152,5296
1606,4153,4806
1607,3532,4211
1608,4170,4170
1609,1174,3991
1610,1018,4618
1611,4591,4592
1612,4595,4591
1613,4592,4606
1614,4606,1018
1615,4601,4602
1616,4602,4613
1617,4613,4614
1618,4614,1533
1619,1015,4620
1620,4620,4621
1621,4621,4622
1622,1164,4599
1623,4599,4612
1624,4612,4619
1625,3948,4603
1626,4076,4590
1627,3201,4609
1628,4609,4616
1629,4616,4617
1630,1583,4574
1631,4449,5506
1632,4421,4449
1633,3664,4577
1634,6092,6122
1635,4130,6117
1636,4130,6122
1637,6087,6092
1638,6082,6087
1639,6070,6082
1640,6076,6082
1641,6057,6070
1642,6057,6076
1643,6052,6057
1644,5593,6052
1645,5506,5593
1646,5518,5593
1647,4421,5544
1648,5544,6103
1649,4421,5518
1650,4421,4432
1651,4432,4130
1652,4400,4421
1653,4424,6083
1654,4423,4424
1655,6083,6093
1656,6093,6607
1657,6607,6127
1658,6127,6637
1659,6127,6568
1660,6637,6645
1661,6093,6569
1662,6117,6141
1663,6122,6131
1664,6103,6560
1665,3297,5453
1666,5427,4080
1667,3975,4559
1668,5415,5427
1669,4080,5432
1670,5425,5430
1671,5762,4785
1672,4639,4640
1673,5760,3272
1674,5759,4635
1675,5761,4096
1676,4001,4562
1677,3263,5485
1678,1664,3673
1679,3699,1150
1680,4071,4072
1681,1706,1173
1682,3708,3680
1683,3708,3678
1684,3695,3680
1685,3695,3678
1686,4008,4012
1687,4012,3708
1688,1744,4009
1689,3390,3678
1690,4010,4121
1691,3637,3699
1692,1184,3629
1693,3678,1163
1694,3602,3375
1695,4377,1850
1696,4154,5307
1697,4416,3601
1698,3289,3667
1699,1797,3668
1700,3674,3675
1701,1849,4376
1702,3313,6610
1703,4374,1846
1704,6085,6088
1705,6088,3642
1706,5545,3631
1707,3619,5501
1708,3619,4448
1709,3619,4447
1710,3619,5546
1711,4380,1845
1712,4397,1845
1713,4383,1845
1714,1844,4366
1715,1844,4370
1716,3392,4358
1717,3365,4369
1718,3665,6090
1719,5586,3033
1720,6072,3646
1721,3033,6557
1722,3646,6632
1723,3646,6644
1724,5525,5563
1725,5563,3033
1726,5516,3033
1727,4665,3033
1728,4565,3033
1729,3605,3033
1730,3071,3033
1731,3385,5525
1732,3385,6051
1733,3385,5516
1734,3385,5586
1735,3385,6060
1736,3385,3605
1737,4667,4410
1738,4667,4411
1739,4675,4704
1740,4681,4704
1741,4677,4704
1742,4658,4704
1743,4678,4704
1744,4659,4704
1745,3313,4412
1746,3313,4725
1747,6556,3313
1748,4413,3313
1749,4437,3313
1750,4650,4101
1751,3692,3990
1752,3990,4015
1753,3679,4453
1754,4453,3692
1755,3698,4453
1756,3692,3396
1757,4015,4452
1758,4015,4086
1759,4086,3348
1760,4452,4494
1761,4094,4017
1762,4017,3375
1763,4010,4123
1764,4588,4588
1765,4590,4560
1766,3634,3633
1767,5087,4454
1768,5042,4454
1769,4460,4454
1770,4546,3212
1771,4352,1844
1772,3688,3920
1773,3994,4101
1774,4481,4460
1775,1154,3629
1776,3650,3389
1777,3654,4480
1778,3351,4094
1779,3369,3653
1780,4152,5309
1781,4152,5259
1782,3276,3989
1783,3276,3701
1784,1745,4008
1785,3396,4454
1786,5411,5411
1787,5411,5411
1788,3374,3396
1789,3669,3674
1790,5411,5411
1791,5411,5411
1792,5411,5470
1793,3987,4494
